user_id,iso_score,lof_score,anomaly_score,iso_flag,lof_flag,is_anomaly,severity,vel_1d,vel_7d,vel_30d,count_30d,accounts.COUNT(transactions),avg_amt_30d,accounts.MEAN(transactions.amount),accounts.MAX(transactions.amount),accounts.MEAN(monthly_stats.total_spend),accounts.MAX(monthly_stats.total_spend),accounts.SUM(monthly_stats.total_spend),accounts.balances_current,days_since_last,accounts.TIME_SINCE_LAST(transactions.date),merchant_diversity,new_merchant_count,task_segment,top_category,top_merchant,primary_spending_trend
USR601Ie,28.61,11.96,20.28,False,False,False,Normal,1.0,1.0,2.0,2.0,43,52655.245,5562.131162790698,104974.48,0.0,0.0,0.0,5441.53,0.0,26438400.0,0.07,3.0,Single-Tasker,Shopping,Online,Surging in Shopping
USR784ar,20.05,0.55,10.3,False,False,False,Normal,1.0,3.0,5.0,5.0,49,40.038,5329.335102040816,247647.06,0.0,0.0,0.0,5905.18,0.0,27129600.0,0.06,3.0,Healthy Active User,Shopping,In-store,Surging in Transportation
USR821Id,2.08,0.35,1.21,False,False,False,Normal,1.0,1.0,1.0,1.0,48,127.41,502.49458333333337,6177.84,0.0,0.0,0.0,1941.35,0.0,25920000.0,0.06,3.0,Single-Tasker,Housing and Utilities,Mobile App,Surging in Shopping
USR559Pi,4.04,0.09,2.07,False,False,False,Normal,1.0,1.0,3.0,3.0,60,759.1666666666669,1723.643166666667,72561.91,0.0,0.0,0.0,4873.83,0.0,25833600.0,0.05,3.0,Single-Tasker,Shopping,Online,Surging in Personal Hygiene
USR200Qr,5.88,0.28,3.08,False,False,False,Normal,1.0,1.0,3.0,3.0,53,418.85666666666674,5177.333773584905,137850.83,0.0,0.0,0.0,4669.34,0.0,25920000.0,0.06,3.0,Single-Tasker,Shopping,Mobile App,Surging in Gifts
USR674rM,6.5,0.77,3.63,False,False,False,Normal,1.0,2.0,5.0,5.0,56,195.888,1126.9358928571428,45596.39,0.0,0.0,0.0,1878.54,0.0,27043200.0,0.05,3.0,Consistent Weekly,Shopping,Mobile App,Surging in Gifts
USR240hY,7.19,0.56,3.88,False,False,False,Normal,1.0,2.0,2.0,2.0,46,307.85,3421.651086956522,133788.47,0.0,0.0,0.0,1859.21,0.0,25660800.0,0.07,3.0,Consistent Weekly,Shopping,In-store,Surging in Travel
USR778Dk,5.96,0.57,3.27,False,False,False,Normal,1.0,2.0,2.0,2.0,46,2335.455,1704.3506521739132,52249.94,0.0,0.0,0.0,2556.62,0.0,27388800.0,0.07,3.0,Consistent Weekly,Shopping,Online,Surging in Subscriptions
USR546jz,2.58,0.8,1.69,False,False,False,Normal,1.0,2.0,3.0,3.0,63,161.9333333333333,491.4668253968254,6448.22,0.0,0.0,0.0,3230.87,0.0,25920000.0,0.05,3.0,Consistent Weekly,Housing and Utilities,In-store,Surging in Fitness
USR663xt,10.22,10.85,10.54,False,False,False,Normal,2.0,2.0,5.0,5.0,52,153.41400000000004,360.7036538461538,6121.45,0.0,0.0,0.0,5150.56,0.0,27216000.0,0.06,3.0,Consistent Weekly,Housing and Utilities,Mobile App,Surging in Hobbies
USR661vO,6.49,0.0,3.25,False,False,False,Normal,1.0,1.0,1.0,1.0,58,10.97,1516.3505172413793,74246.46,0.0,0.0,0.0,8138.98,0.0,25920000.0,0.05,3.0,Single-Tasker,Shopping,Online,Surging in Subscriptions
USR451OQ,47.31,33.21,40.26,True,True,True,Medium,1.0,1.0,2.0,2.0,55,111677.965,5403.577454545455,223326.51,0.0,0.0,0.0,1948.59,0.0,28252800.0,0.05,3.0,Single-Tasker,Shopping,In-store,Surging in Shopping
USR691Fc,2.71,1.27,1.99,False,False,False,Normal,1.0,1.0,4.0,4.0,55,173.9375,452.7343636363637,14662.15,0.0,0.0,0.0,3383.49,0.0,28857600.0,0.05,3.0,Single-Tasker,Shopping,In-store,Surging in Transportation
USR479Ei,6.5,0.31,3.4,False,False,False,Normal,1.0,1.0,2.0,2.0,45,113.755,4816.148222222222,138404.27,0.0,0.0,0.0,3805.56,0.0,26611200.0,0.07,3.0,Single-Tasker,Shopping,Online,Surging in Friend Activities
USR581oW,12.18,0.12,6.15,False,False,False,Normal,1.0,1.0,1.0,1.0,44,157.56,4520.097272727274,166627.35,0.0,0.0,0.0,9561.65,0.0,27216000.0,0.07,3.0,Single-Tasker,Shopping,In-store,Surging in Hobbies
USR847gv,4.28,0.83,2.56,False,False,False,Normal,1.0,1.0,3.0,3.0,53,60.51,2451.581886792453,107525.35,0.0,0.0,0.0,2315.97,0.0,26784000.0,0.06,3.0,Single-Tasker,Shopping,In-store,Surging in Groceries
USR759Fr,16.42,1.01,8.71,False,False,False,Normal,1.0,1.0,4.0,4.0,44,68.2125,7395.055454545454,239228.17,0.0,0.0,0.0,8702.14,0.0,25574400.0,0.07,3.0,Single-Tasker,Shopping,In-store,Surging in Friend Activities
USR689zf,8.89,0.09,4.49,False,False,False,Normal,1.0,2.0,3.0,3.0,58,464.0199999999999,3383.074310344828,169033.95,0.0,0.0,0.0,1944.8,0.0,27388800.0,0.05,3.0,Consistent Weekly,Shopping,Online,Surging in Personal Hygiene
USR007mU,4.01,0.47,2.24,False,False,False,Normal,1.0,1.0,1.0,1.0,60,3.79,268.14500000000004,4218.34,0.0,0.0,0.0,564.48,0.0,26697600.0,0.05,3.0,Single-Tasker,Housing and Utilities,Mobile App,Surging in Groceries
USR491Th,12.31,0.06,6.18,False,False,False,Normal,1.0,1.0,2.0,2.0,38,348.725,5394.025263157894,196369.28,0.0,0.0,0.0,5847.74,0.0,25833600.0,0.08,3.0,Single-Tasker,Shopping,Mobile App,Surging in Friend Activities
USR813QZ,5.49,13.1,9.29,False,False,False,Normal,1.0,1.0,3.0,3.0,44,7470.366666666666,912.270681818182,22279.68,0.0,0.0,0.0,3754.74,0.0,27388800.0,0.07,3.0,Single-Tasker,Shopping,Mobile App,Surging in Shopping
USR343dk,28.23,2.65,15.44,False,False,False,Normal,1.0,1.0,2.0,2.0,42,2619.04,8908.194523809523,352230.76,0.0,0.0,0.0,8581.51,0.0,27561600.0,0.07,3.0,Single-Tasker,Shopping,Online,Surging in Shopping
USR291BJ,26.8,6.14,16.47,False,False,False,Normal,1.0,1.0,3.0,3.0,43,58.626666666666665,13707.738372093025,240833.83,0.0,0.0,0.0,8416.34,0.0,27388800.0,0.07,3.0,Single-Tasker,Shopping,Mobile App,Surging in Groceries
USR335Sx,2.64,0.54,1.59,False,False,False,Normal,1.0,1.0,2.0,2.0,62,1444.575,328.7737096774194,5295.14,0.0,0.0,0.0,9081.43,0.0,26784000.0,0.05,3.0,Single-Tasker,Housing and Utilities,In-store,Surging in Housing and Utilities
USR818nO,23.09,6.25,14.67,False,False,False,Normal,2.0,3.0,5.0,5.0,59,4215.528,2640.141525423729,121426.99,0.0,0.0,0.0,4718.49,0.0,27388800.0,0.05,3.0,Healthy Active User,Shopping,Online,Surging in Fitness
USR375sC,28.52,3.38,15.95,False,False,False,Normal,1.0,1.0,2.0,2.0,39,10.07,11061.831794871794,309905.6,0.0,0.0,0.0,1970.88,0.0,27216000.0,0.08,3.0,Single-Tasker,Shopping,In-store,Surging in Subscriptions
USR271eY,16.42,0.86,8.64,False,False,False,Normal,1.0,1.0,3.0,3.0,50,2587.1633333333334,5957.0122,274630.42,0.0,0.0,0.0,2373.05,0.0,26352000.0,0.06,3.0,Single-Tasker,Shopping,Mobile App,Surging in Hobbies
USR253Hy,1.69,1.12,1.41,False,False,False,Normal,1.0,2.0,2.0,2.0,54,71.33,293.2401851851852,3805.35,0.0,0.0,0.0,1280.11,0.0,25920000.0,0.06,3.0,Consistent Weekly,Housing and Utilities,In-store,Surging in Hobbies
USR944dh,22.83,1.79,12.31,False,False,False,Normal,1.0,1.0,2.0,2.0,47,708.23,7374.609361702127,337617.55,0.0,0.0,0.0,3230.22,0.0,25574400.0,0.06,3.0,Single-Tasker,Shopping,Online,Surging in Friend Activities
USR418ju,7.57,1.16,4.37,False,False,False,Normal,1.0,1.0,4.0,4.0,57,782.7075,2359.857192982456,112518.54,0.0,0.0,0.0,9831.78,0.0,25574400.0,0.05,3.0,Single-Tasker,Shopping,Mobile App,Surging in Gifts
USR896kh,0.0,0.03,0.02,False,False,False,Normal,1.0,1.0,3.0,3.0,48,162.25666666666666,249.045,1935.14,0.0,0.0,0.0,7594.49,0.0,25574400.0,0.06,3.0,Single-Tasker,Gifts,Mobile App,Surging in Subscriptions
USR961UU,1.37,2.38,1.87,False,False,False,Normal,1.0,1.0,3.0,3.0,49,57.38999999999999,920.6226530612244,34567.49,0.0,0.0,0.0,6910.58,0.0,28857600.0,0.06,3.0,Single-Tasker,Shopping,In-store,Surging in Hobbies
USR324Nf,4.87,0.74,2.81,False,False,False,Normal,1.0,1.0,4.0,4.0,47,33.3325,2691.3106382978726,53345.01,0.0,0.0,0.0,7786.15,0.0,27216000.0,0.06,3.0,Single-Tasker,Shopping,In-store,Surging in Personal Hygiene
USR500hm,22.01,1.67,11.84,False,False,False,Normal,1.0,2.0,3.0,3.0,45,57.373333333333335,7608.732666666666,330956.88,0.0,0.0,0.0,7400.45,0.0,26006400.0,0.07,3.0,Consistent Weekly,Shopping,In-store,Surging in Friend Activities
USR539EC,19.68,1.86,10.77,False,False,False,Normal,1.0,1.0,1.0,1.0,57,2094.25,7960.667894736842,220002.74,0.0,0.0,0.0,3076.92,0.0,25833600.0,0.05,3.0,Single-Tasker,Shopping,In-store,Surging in Personal Hygiene
USR053xd,2.13,1.14,1.64,False,False,False,Normal,1.0,2.0,2.0,2.0,46,270.345,227.5828260869565,1617.1,0.0,0.0,0.0,8402.82,0.0,26956800.0,0.07,3.0,Consistent Weekly,Medical/Dental,Online,Surging in Friend Activities
USR082ip,15.26,3.69,9.47,False,False,False,Normal,2.0,2.0,3.0,3.0,50,15.693333333333332,4223.267400000001,147254.26,0.0,0.0,0.0,4551.7,0.0,27907200.0,0.06,3.0,Consistent Weekly,Shopping,Mobile App,Surging in Subscriptions
USR721Xc,2.25,0.32,1.28,False,False,False,Normal,1.0,1.0,2.0,2.0,47,45.17,1528.1757446808513,42886.51,0.0,0.0,0.0,8860.2,0.0,25747200.0,0.06,3.0,Single-Tasker,Shopping,In-store,Surging in Hobbies
USR242VN,28.26,1.94,15.1,False,False,False,Normal,1.0,3.0,4.0,4.0,55,184.77750000000003,6009.656181818183,319220.4,0.0,0.0,0.0,1076.77,0.0,25574400.0,0.05,3.0,Healthy Active User,Shopping,In-store,Surging in Travel
USR598GE,9.72,0.82,5.27,False,False,False,Normal,1.0,1.0,3.0,3.0,48,2055.71,5221.460416666667,129871.71,0.0,0.0,0.0,8629.3,0.0,29203200.0,0.06,3.0,Single-Tasker,Shopping,Online,Surging in Fitness
USR511YG,11.9,19.72,15.81,False,True,False,Normal,1.0,2.0,3.0,3.0,45,15892.656666666668,1316.8835555555556,47534.53,0.0,0.0,0.0,6672.64,0.0,28771200.0,0.07,3.0,Consistent Weekly,Shopping,In-store,Surging in Shopping
USR360hy,0.44,0.25,0.35,False,False,False,Normal,1.0,1.0,2.0,2.0,50,203.3,565.1543999999999,6863.9,0.0,0.0,0.0,1810.65,0.0,26352000.0,0.06,3.0,Single-Tasker,Shopping,Online,Surging in Food
USR430vt,1.46,1.23,1.34,False,False,False,Normal,1.0,1.0,3.0,3.0,44,1932.62,439.9259090909091,5773.76,0.0,0.0,0.0,7298.6,0.0,27993600.0,0.07,3.0,Single-Tasker,Housing and Utilities,Mobile App,Surging in Housing and Utilities
USR244Uu,0.89,0.64,0.77,False,False,False,Normal,1.0,1.0,2.0,2.0,51,7.25,626.266862745098,10114.45,0.0,0.0,0.0,3430.64,0.0,28771200.0,0.06,3.0,Single-Tasker,Shopping,Online,Surging in Subscriptions
USR478AY,7.12,0.13,3.62,False,False,False,Normal,1.0,1.0,3.0,3.0,53,1653.1666666666667,3721.589056603774,170583.42,0.0,0.0,0.0,7543.37,0.0,25833600.0,0.06,3.0,Single-Tasker,Shopping,Online,Surging in Gifts
USR215xz,0.22,0.19,0.21,False,False,False,Normal,1.0,1.0,2.0,2.0,51,88.51,517.8521568627451,5185.76,0.0,0.0,0.0,9179.34,0.0,26265600.0,0.06,3.0,Single-Tasker,Housing and Utilities,Online,Surging in Hobbies
USR247kd,4.73,0.19,2.46,False,False,False,Normal,1.0,1.0,2.0,2.0,56,54.49,1645.6053571428572,84389.3,0.0,0.0,0.0,2039.21,0.0,25833600.0,0.05,3.0,Single-Tasker,Shopping,Online,Surging in Groceries
USR207DW,12.57,11.16,11.87,False,False,False,Normal,1.0,1.0,5.0,5.0,64,8946.774000000001,976.04984375,42790.8,0.0,0.0,0.0,7305.84,0.0,25574400.0,0.05,3.0,Single-Tasker,Shopping,Mobile App,Surging in Shopping
USR258us,1.9,0.19,1.05,False,False,False,Normal,1.0,1.0,1.0,1.0,44,68.09,369.6865909090909,5654.33,0.0,0.0,0.0,3418.21,0.0,26006400.0,0.07,3.0,Single-Tasker,Housing and Utilities,In-store,Surging in Housing and Utilities
USR534tr,4.7,0.49,2.59,False,False,False,Normal,1.0,2.0,3.0,3.0,42,1507.1433333333334,1405.0757142857144,48468.04,0.0,0.0,0.0,1283.68,0.0,25660800.0,0.07,3.0,Consistent Weekly,Shopping,Mobile App,Surging in Personal Hygiene
USR139BK,18.17,5.56,11.87,False,False,False,Normal,2.0,2.0,5.0,5.0,57,1142.756,3563.166315789474,100056.35,0.0,0.0,0.0,8607.72,0.0,27129600.0,0.05,3.0,Consistent Weekly,Shopping,Online,Surging in Housing and Utilities
USR465GL,3.58,0.83,2.2,False,False,False,Normal,1.0,2.0,5.0,5.0,57,116.40800000000002,403.5422807017544,5011.25,0.0,0.0,0.0,1364.68,0.0,25660800.0,0.05,3.0,Consistent Weekly,Housing and Utilities,Online,Surging in Travel
USR628KZ,1.9,1.21,1.55,False,False,False,Normal,1.0,2.0,3.0,3.0,46,151.46333333333334,313.449347826087,4596.37,0.0,0.0,0.0,542.38,0.0,27043200.0,0.07,3.0,Consistent Weekly,Housing and Utilities,In-store,Surging in Travel
USR726Lh,9.9,13.11,11.51,False,False,False,Normal,2.0,2.0,3.0,3.0,55,503.7533333333334,204.13163636363635,1487.04,0.0,0.0,0.0,797.38,0.0,28080000.0,0.05,3.0,Consistent Weekly,Medical/Dental,Mobile App,Surging in Travel
USR423EB,2.51,1.58,2.05,False,False,False,Normal,1.0,1.0,1.0,1.0,50,70.93,835.1496,20934.52,0.0,0.0,0.0,4881.4,0.0,26092800.0,0.06,3.0,Single-Tasker,Shopping,In-store,Surging in Gifts
USR380Yw,6.16,1.05,3.61,False,False,False,Normal,1.0,3.0,5.0,5.0,52,373.738,292.62942307692305,2603.85,0.0,0.0,0.0,2346.43,0.0,26870400.0,0.06,3.0,Healthy Active User,Personal Hygiene,Online,Surging in Shopping
USR653TK,9.55,0.09,4.82,False,False,False,Normal,1.0,1.0,2.0,2.0,43,213.92,5193.130697674418,213166.43,0.0,0.0,0.0,5750.4,0.0,26524800.0,0.07,3.0,Single-Tasker,Shopping,Mobile App,Surging in Housing and Utilities
USR271Yo,1.81,1.48,1.65,False,False,False,Normal,1.0,1.0,3.0,3.0,45,132.65333333333334,344.68266666666665,3452.17,0.0,0.0,0.0,8216.73,0.0,30153600.0,0.07,3.0,Single-Tasker,Housing and Utilities,Online,Surging in Personal Hygiene
USR574tK,2.49,0.24,1.36,False,False,False,Normal,1.0,1.0,1.0,1.0,41,296.2,363.2009756097561,6999.0,0.0,0.0,0.0,8225.0,0.0,26092800.0,0.07,3.0,Single-Tasker,Housing and Utilities,Online,Surging in Shopping
USR572qw,16.42,1.72,9.07,False,False,False,Normal,1.0,1.0,4.0,4.0,58,28.2075,8200.843965517242,221971.79,0.0,0.0,0.0,4706.13,0.0,26092800.0,0.05,3.0,Single-Tasker,Shopping,Mobile App,Surging in Subscriptions
USR925Mf,4.76,0.86,2.81,False,False,False,Normal,1.0,2.0,4.0,4.0,39,1176.6375,435.3102564102564,3614.0,0.0,0.0,0.0,1241.88,0.0,26179200.0,0.08,3.0,Consistent Weekly,Shopping,In-store,Surging in Shopping
USR201Zu,3.75,0.83,2.29,False,False,False,Normal,1.0,2.0,5.0,5.0,56,216.26,480.0646428571428,7111.15,0.0,0.0,0.0,8376.62,0.0,26265600.0,0.05,3.0,Consistent Weekly,Housing and Utilities,Mobile App,Surging in Transportation
USR425DX,1.59,0.29,0.94,False,False,False,Normal,1.0,1.0,3.0,3.0,61,236.97333333333333,342.8065573770492,3441.79,0.0,0.0,0.0,1496.64,0.0,25660800.0,0.05,3.0,Single-Tasker,Housing and Utilities,In-store,Surging in Groceries
USR388wJ,15.67,0.69,8.18,False,False,False,Normal,1.0,2.0,3.0,3.0,55,501.7033333333333,6776.161454545455,244977.8,0.0,0.0,0.0,5162.39,0.0,25833600.0,0.05,3.0,Consistent Weekly,Shopping,Mobile App,Surging in Medical/Dental
USR068Xr,37.33,7.9,22.61,False,False,False,Normal,1.0,1.0,1.0,1.0,45,147.8,15029.926666666666,241921.72,0.0,0.0,0.0,8473.93,0.0,31795200.0,0.07,3.0,Single-Tasker,Shopping,In-store,Surging in Food
USR223cE,7.4,0.2,3.8,False,False,False,Normal,1.0,1.0,3.0,3.0,55,131.10666666666663,4824.094181818182,170911.33,0.0,0.0,0.0,5764.47,0.0,26438400.0,0.05,3.0,Single-Tasker,Shopping,Online,Surging in Groceries
USR031uI,3.78,0.25,2.02,False,False,False,Normal,1.0,2.0,3.0,3.0,55,60.03666666666666,1354.732909090909,61377.57,0.0,0.0,0.0,6108.69,0.0,26524800.0,0.05,3.0,Consistent Weekly,Shopping,Online,Surging in Gifts
USR151Xg,4.4,0.09,2.25,False,False,False,Normal,1.0,1.0,2.0,2.0,55,1616.22,1745.0918181818183,66772.13,0.0,0.0,0.0,6705.29,0.0,26784000.0,0.05,3.0,Single-Tasker,Shopping,Mobile App,Surging in Housing and Utilities
USR013pA,14.1,0.1,7.1,False,False,False,Normal,1.0,1.0,4.0,4.0,58,231.0575,5298.625344827587,220355.95,0.0,0.0,0.0,9264.23,0.0,27129600.0,0.05,3.0,Single-Tasker,Shopping,In-store,Surging in Fitness
USR579jO,24.26,4.43,14.35,False,False,False,Normal,2.0,2.0,2.0,2.0,45,164.42000000000002,7295.836,155475.75,0.0,0.0,0.0,8105.09,0.0,30758400.0,0.07,3.0,Consistent Weekly,Shopping,Online,Surging in Friend Activities
USR621BM,2.3,0.02,1.16,False,False,False,Normal,1.0,1.0,3.0,3.0,44,551.5666666666667,1725.836136363636,64899.6,0.0,0.0,0.0,4513.73,0.0,26697600.0,0.07,3.0,Single-Tasker,Shopping,Online,Surging in Personal Hygiene
USR592gD,1.73,0.56,1.15,False,False,False,Normal,1.0,1.0,4.0,4.0,50,121.6225,369.9444,6645.43,0.0,0.0,0.0,9922.81,0.0,26352000.0,0.06,3.0,Single-Tasker,Housing and Utilities,Mobile App,Surging in Subscriptions
USR140si,5.24,0.09,2.67,False,False,False,Normal,1.0,1.0,4.0,4.0,41,311.05,1620.7441463414632,54472.59,0.0,0.0,0.0,185.36,0.0,26179200.0,0.07,3.0,Single-Tasker,Shopping,Online,Surging in Fitness
USR596jh,6.46,0.93,3.7,False,False,False,Normal,1.0,3.0,4.0,4.0,44,662.5575000000001,504.6093181818182,14365.92,0.0,0.0,0.0,5472.21,0.0,26697600.0,0.07,3.0,Healthy Active User,Shopping,Mobile App,Surging in Friend Activities
USR691El,18.21,0.58,9.4,False,False,False,Normal,1.0,2.0,4.0,4.0,40,136.6125,6347.749999999999,246679.84,0.0,0.0,0.0,980.22,0.0,26179200.0,0.08,3.0,Consistent Weekly,Shopping,Mobile App,Surging in Friend Activities
USR062rU,1.61,0.57,1.09,False,False,False,Normal,1.0,2.0,4.0,4.0,47,125.7375,359.0955319148936,3715.36,0.0,0.0,0.0,3355.82,0.0,26352000.0,0.06,3.0,Consistent Weekly,Housing and Utilities,Online,Surging in Hobbies
USR628kq,12.97,0.16,6.57,False,False,False,Normal,1.0,2.0,4.0,4.0,57,665.575,4741.127017543859,211350.01,0.0,0.0,0.0,9484.07,0.0,25574400.0,0.05,3.0,Consistent Weekly,Shopping,In-store,Surging in Personal Hygiene
USR421bB,1.38,0.96,1.17,False,False,False,Normal,1.0,1.0,2.0,2.0,46,609.41,385.41021739130434,6251.28,0.0,0.0,0.0,5395.49,0.0,29721600.0,0.07,3.0,Single-Tasker,Housing and Utilities,Mobile App,Surging in Travel
USR376hP,0.93,0.32,0.63,False,False,False,Normal,1.0,1.0,2.0,2.0,53,639.77,320.52962264150943,1997.5,0.0,0.0,0.0,552.15,0.0,25747200.0,0.06,3.0,Single-Tasker,Fitness,Mobile App,Surging in Personal Hygiene
USR001YL,8.58,0.22,4.4,False,False,False,Normal,1.0,2.0,3.0,3.0,54,435.2533333333334,3982.410555555556,205093.33,0.0,0.0,0.0,2485.8,0.0,26524800.0,0.06,3.0,Consistent Weekly,Shopping,Mobile App,Surging in Food
USR756hT,19.49,1.63,10.56,False,False,False,Normal,1.0,1.0,2.0,2.0,50,49.015,6657.5744,325127.03,0.0,0.0,0.0,6414.96,0.0,26697600.0,0.06,3.0,Single-Tasker,Shopping,Online,Surging in Hobbies
USR148zM,0.92,0.35,0.64,False,False,False,Normal,1.0,1.0,2.0,2.0,50,249.515,588.0536,6872.4,0.0,0.0,0.0,835.18,0.0,25660800.0,0.06,3.0,Single-Tasker,Housing and Utilities,Online,Surging in Groceries
USR496UB,9.75,2.06,5.91,False,False,False,Normal,1.0,2.0,7.0,7.0,61,1193.427142857143,479.3203278688525,6837.61,0.0,0.0,0.0,937.16,0.0,28598400.0,0.05,3.0,Consistent Weekly,Housing and Utilities,Online,Surging in Personal Hygiene
USR739ei,5.15,2.27,3.71,False,False,False,Normal,1.0,1.0,6.0,6.0,45,429.7166666666667,764.2855555555556,6673.06,0.0,0.0,0.0,6108.44,0.0,26438400.0,0.07,3.0,Single-Tasker,Housing and Utilities,Mobile App,Surging in Shopping
USR461nX,12.51,0.18,6.35,False,False,False,Normal,1.0,1.0,4.0,4.0,49,1235.6800000000003,5129.616530612246,238038.57,0.0,0.0,0.0,3501.81,0.0,25920000.0,0.06,3.0,Single-Tasker,Shopping,Online,Surging in Food
USR313nW,1.56,1.83,1.69,False,False,False,Normal,1.0,1.0,3.0,3.0,52,711.9766666666666,342.46211538461534,2127.33,0.0,0.0,0.0,4204.18,0.0,30499200.0,0.06,3.0,Single-Tasker,Personal Hygiene,Mobile App,Surging in Personal Hygiene
USR626gZ,3.57,0.35,1.96,False,False,False,Normal,1.0,1.0,3.0,3.0,52,347.18666666666667,2066.7850000000003,90668.52,0.0,0.0,0.0,4762.86,0.0,26265600.0,0.06,3.0,Single-Tasker,Shopping,Online,Surging in Friend Activities
USR746kv,1.89,1.25,1.57,False,False,False,Normal,1.0,2.0,3.0,3.0,44,33.086666666666666,742.8318181818181,21481.8,0.0,0.0,0.0,7907.84,0.0,28339200.0,0.07,3.0,Consistent Weekly,Shopping,Mobile App,Surging in Hobbies
USR632NW,6.4,0.5,3.45,False,False,False,Normal,1.0,1.0,5.0,5.0,54,321.65,1840.292777777778,88286.88,0.0,0.0,0.0,9169.96,0.0,26006400.0,0.06,3.0,Single-Tasker,Shopping,Mobile App,Surging in Hobbies
USR765RD,8.16,1.54,4.85,False,False,False,Normal,1.0,3.0,6.0,6.0,55,236.71666666666667,264.2207272727273,3978.4,0.0,0.0,0.0,7564.59,0.0,26006400.0,0.05,3.0,Healthy Active User,Housing and Utilities,Online,Surging in Gifts
USR756uA,0.99,0.13,0.56,False,False,False,Normal,1.0,1.0,2.0,2.0,57,75.025,389.5966666666666,3824.22,0.0,0.0,0.0,8678.7,0.0,26179200.0,0.05,3.0,Single-Tasker,Shopping,In-store,Surging in Housing and Utilities
USR619km,7.58,2.01,4.8,False,False,False,Normal,1.0,3.0,3.0,3.0,51,821.6666666666666,1847.38431372549,45856.74,0.0,0.0,0.0,2295.47,0.0,28425600.0,0.06,3.0,Healthy Active User,Shopping,Mobile App,Surging in Travel
USR040Ko,0.45,0.35,0.4,False,False,False,Normal,1.0,1.0,3.0,3.0,43,23.666666666666668,373.50116279069766,4421.08,0.0,0.0,0.0,9826.42,0.0,26524800.0,0.07,3.0,Single-Tasker,Shopping,In-store,Surging in Hobbies
USR268Dy,10.31,0.15,5.23,False,False,False,Normal,1.0,1.0,2.0,2.0,47,161.18,4776.465531914893,190283.81,0.0,0.0,0.0,1900.34,0.0,28598400.0,0.06,3.0,Single-Tasker,Shopping,Mobile App,Surging in Gifts
USR708ic,2.96,0.83,1.89,False,False,False,Normal,1.0,1.0,4.0,4.0,61,1046.065,432.47754098360656,4108.66,0.0,0.0,0.0,2654.66,0.0,25747200.0,0.05,3.0,Single-Tasker,Shopping,In-store,Surging in Shopping
USR737zJ,0.34,0.13,0.23,False,False,False,Normal,1.0,1.0,2.0,2.0,55,27.935,281.21145454545456,4926.71,0.0,0.0,0.0,4632.69,0.0,26006400.0,0.05,3.0,Single-Tasker,Housing and Utilities,Online,Surging in Transportation
USR074qk,1.83,0.43,1.13,False,False,False,Normal,1.0,1.0,2.0,2.0,38,40.675,488.2597368421052,7001.64,0.0,0.0,0.0,9437.86,0.0,25574400.0,0.08,3.0,Single-Tasker,Shopping,In-store,Surging in Personal Hygiene
USR552iz,4.57,0.31,2.44,False,False,False,Normal,1.0,1.0,2.0,2.0,46,154.17,2282.4919565217388,80965.09,0.0,0.0,0.0,7329.36,0.0,28080000.0,0.07,3.0,Single-Tasker,Shopping,Mobile App,Surging in Fitness
USR383GT,2.73,0.14,1.44,False,False,False,Normal,1.0,1.0,1.0,1.0,57,27.96,435.191403508772,6842.24,0.0,0.0,0.0,4923.5,0.0,26611200.0,0.05,3.0,Single-Tasker,Housing and Utilities,Online,Surging in Groceries
USR605Px,7.36,0.16,3.76,False,False,False,Normal,1.0,2.0,2.0,2.0,47,188.1,3655.0165957446807,166202.6,0.0,0.0,0.0,7403.46,0.0,26265600.0,0.06,3.0,Consistent Weekly,Shopping,Online,Surging in Fitness
USR494kt,29.12,4.65,16.89,False,False,False,Normal,1.0,1.0,2.0,2.0,40,25.195,12459.1465,276733.01,0.0,0.0,0.0,4858.36,0.0,27993600.0,0.08,3.0,Single-Tasker,Shopping,Mobile App,Surging in Subscriptions
USR774PR,6.68,0.09,3.38,False,False,False,Normal,1.0,1.0,1.0,1.0,61,78.63,1326.2498360655738,59697.35,0.0,0.0,0.0,4931.36,0.0,25920000.0,0.05,3.0,Single-Tasker,Shopping,Online,Surging in Housing and Utilities
USR990MJ,22.36,0.7,11.53,False,False,False,Normal,1.0,3.0,6.0,6.0,72,348.4733333333333,3282.1715277777785,177421.04,0.0,0.0,0.0,9766.66,0.0,25660800.0,0.04,3.0,Healthy Active User,Shopping,Online,Surging in Fitness
USR651Yc,3.08,0.39,1.74,False,False,False,Normal,1.0,1.0,1.0,1.0,55,287.07,332.5796363636364,3789.27,0.0,0.0,0.0,657.09,0.0,26611200.0,0.05,3.0,Single-Tasker,Fitness,Online,Surging in Fitness
USR996DQ,8.31,1.53,4.92,False,False,False,Normal,1.0,3.0,6.0,6.0,56,73.72833333333334,418.0873214285714,4637.35,0.0,0.0,0.0,2780.27,0.0,25660800.0,0.05,3.0,Healthy Active User,Housing and Utilities,Mobile App,Surging in Groceries
USR270YP,34.74,5.27,20.0,False,False,False,Normal,1.0,1.0,4.0,4.0,39,602.8175,12947.403076923076,297403.4,0.0,0.0,0.0,9733.0,0.0,25747200.0,0.08,3.0,Single-Tasker,Shopping,Mobile App,Surging in Food
USR605nX,2.43,0.94,1.68,False,False,False,Normal,1.0,2.0,4.0,4.0,48,137.9,276.48041666666666,3212.97,0.0,0.0,0.0,9978.65,0.0,25574400.0,0.06,3.0,Consistent Weekly,Housing and Utilities,Online,Surging in Shopping
USR793Ca,25.26,2.15,13.7,False,False,False,Normal,1.0,3.0,9.0,9.0,42,536.2122222222223,3480.886428571429,136263.44,0.0,0.0,0.0,7235.56,0.0,28944000.0,0.07,3.0,Healthy Active User,Shopping,In-store,Surging in Housing and Utilities
USR100df,12.58,8.54,10.56,False,False,False,Normal,2.0,2.0,4.0,4.0,49,200.2125,936.0314285714286,36361.65,0.0,0.0,0.0,1343.36,0.0,28166400.0,0.06,3.0,Consistent Weekly,Shopping,Mobile App,Surging in Medical/Dental
USR840Fs,3.8,0.67,2.23,False,False,False,Normal,1.0,3.0,3.0,3.0,47,257.8933333333334,285.62978723404257,2273.32,0.0,0.0,0.0,5456.52,0.0,25920000.0,0.06,3.0,Healthy Active User,Fitness,Online,Surging in Personal Hygiene
USR472to,4.09,5.66,4.88,False,False,False,Normal,1.0,1.0,3.0,3.0,48,198.63,321.99208333333337,4864.58,0.0,0.0,0.0,8489.06,0.0,33868800.0,0.06,3.0,Single-Tasker,Shopping,Mobile App,Surging in Housing and Utilities
USR847Vu,0.2,0.09,0.14,False,False,False,Normal,1.0,1.0,3.0,3.0,51,448.24,529.5498039215687,7930.89,0.0,0.0,0.0,3418.65,0.0,26352000.0,0.06,3.0,Single-Tasker,Shopping,Online,Surging in Friend Activities
USR932HS,8.64,0.11,4.38,False,False,False,Normal,1.0,1.0,4.0,4.0,54,511.17,4156.614444444444,190421.89,0.0,0.0,0.0,8491.0,0.0,25833600.0,0.06,3.0,Single-Tasker,Shopping,Online,Surging in Travel
USR646Eg,28.77,31.71,30.24,False,True,False,Normal,1.0,2.0,3.0,3.0,48,56534.40666666667,3837.666041666667,169207.4,0.0,0.0,0.0,3456.1,0.0,26697600.0,0.06,3.0,Consistent Weekly,Shopping,Online,Surging in Shopping
USR258SD,12.31,0.21,6.26,False,False,False,Normal,1.0,3.0,4.0,4.0,47,328.24,4105.759787234043,166311.73,0.0,0.0,0.0,7832.87,0.0,27475200.0,0.06,3.0,Healthy Active User,Shopping,In-store,Surging in Gifts
USR465Of,1.33,0.99,1.16,False,False,False,Normal,1.0,2.0,3.0,3.0,47,292.17,418.61659574468086,4467.84,0.0,0.0,0.0,9981.91,0.0,26438400.0,0.06,3.0,Consistent Weekly,Housing and Utilities,Mobile App,Surging in Hobbies
USR556jk,1.52,0.48,1.0,False,False,False,Normal,1.0,1.0,4.0,4.0,46,228.9925,392.3267391304348,6900.84,0.0,0.0,0.0,6905.19,0.0,25833600.0,0.07,3.0,Single-Tasker,Shopping,Mobile App,Surging in Medical/Dental
USR886vk,12.68,6.11,9.39,False,False,False,Normal,2.0,2.0,4.0,4.0,46,179.005,1307.8626086956522,41069.54,0.0,0.0,0.0,1609.48,0.0,25747200.0,0.07,3.0,Consistent Weekly,Shopping,In-store,Surging in Medical/Dental
USR372Mt,5.34,0.02,2.68,False,False,False,Normal,1.0,1.0,1.0,1.0,51,5.84,1645.7729411764706,67448.2,0.0,0.0,0.0,4960.56,0.0,26352000.0,0.06,3.0,Single-Tasker,Shopping,In-store,Surging in Personal Hygiene
USR834PN,15.33,14.81,15.07,False,False,False,Normal,2.0,2.0,3.0,3.0,42,150.66,328.6716666666667,5864.97,0.0,0.0,0.0,7700.56,0.0,36547200.0,0.07,3.0,Consistent Weekly,Shopping,Online,Surging in Fitness
USR129NG,5.81,0.4,3.11,False,False,False,Normal,1.0,1.0,3.0,3.0,51,72.11333333333333,4423.807058823529,128550.18,0.0,0.0,0.0,2962.7,0.0,25660800.0,0.06,3.0,Single-Tasker,Shopping,Online,Surging in Hobbies
USR401fn,1.36,0.38,0.87,False,False,False,Normal,1.0,1.0,3.0,3.0,57,151.1233333333333,496.71315789473687,5254.97,0.0,0.0,0.0,9993.36,0.0,26438400.0,0.05,3.0,Single-Tasker,Housing and Utilities,Mobile App,Surging in Medical/Dental
USR297tJ,2.94,0.18,1.56,False,False,False,Normal,1.0,1.0,1.0,1.0,46,10.43,163.14739130434785,1352.38,0.0,0.0,0.0,5411.42,0.0,27388800.0,0.07,3.0,Single-Tasker,Travel,Mobile App,Surging in Groceries
USR993dr,12.59,10.05,11.32,False,False,False,Normal,2.0,2.0,6.0,6.0,49,137.62166666666667,199.1004081632653,2007.67,0.0,0.0,0.0,5778.62,0.0,27734400.0,0.06,3.0,Consistent Weekly,Fitness,Mobile App,Surging in Friend Activities
USR249de,0.18,0.12,0.15,False,False,False,Normal,1.0,1.0,2.0,2.0,47,48.085,408.1006382978723,4341.52,0.0,0.0,0.0,8508.63,0.0,26352000.0,0.06,3.0,Single-Tasker,Housing and Utilities,In-store,Surging in Subscriptions
USR862eI,3.78,1.23,2.5,False,False,False,Normal,1.0,1.0,4.0,4.0,57,261.915,1061.3952631578948,38659.88,0.0,0.0,0.0,8441.66,0.0,25574400.0,0.05,3.0,Single-Tasker,Shopping,Online,Surging in Medical/Dental
USR489ka,13.46,18.63,16.05,False,True,False,Normal,1.0,1.0,4.0,4.0,59,14858.745,1335.0576271186442,55633.78,0.0,0.0,0.0,1624.34,0.0,27475200.0,0.05,3.0,Single-Tasker,Shopping,Mobile App,Surging in Shopping
USR936rw,6.28,2.08,4.18,False,False,False,Normal,1.0,3.0,4.0,4.0,48,91.2725,1133.274375,42304.21,0.0,0.0,0.0,8845.47,0.0,26006400.0,0.06,3.0,Healthy Active User,Shopping,Mobile App,Surging in Subscriptions
USR981Is,3.03,1.09,2.06,False,False,False,Normal,1.0,1.0,2.0,2.0,45,2371.325,1243.545777777778,37620.04,0.0,0.0,0.0,8571.52,0.0,26352000.0,0.07,3.0,Single-Tasker,Shopping,Online,Surging in Shopping
USR169XO,0.6,0.17,0.39,False,False,False,Normal,1.0,1.0,2.0,2.0,47,149.985,215.19936170212765,2748.21,0.0,0.0,0.0,2743.63,0.0,26092800.0,0.06,3.0,Single-Tasker,Shopping,Mobile App,Surging in Shopping
USR885xH,1.35,0.17,0.76,False,False,False,Normal,1.0,1.0,2.0,2.0,59,648.69,308.2345762711864,5636.56,0.0,0.0,0.0,3129.45,0.0,25574400.0,0.05,3.0,Single-Tasker,Shopping,Online,Surging in Gifts
USR104NK,7.02,0.59,3.81,False,False,False,Normal,1.0,2.0,4.0,4.0,54,353.8275,3066.394629629629,147600.24,0.0,0.0,0.0,3914.44,0.0,26697600.0,0.06,3.0,Consistent Weekly,Shopping,In-store,Surging in Transportation
USR828eU,12.93,0.43,6.68,False,False,False,Normal,1.0,3.0,5.0,5.0,52,632.9639999999999,3439.0225,166341.93,0.0,0.0,0.0,9956.68,0.0,26092800.0,0.06,3.0,Healthy Active User,Shopping,Online,Surging in Subscriptions
USR689HM,9.86,0.1,4.98,False,False,False,Normal,1.0,1.0,3.0,3.0,52,1233.2066666666667,4530.632884615385,218911.5,0.0,0.0,0.0,1466.08,0.0,26611200.0,0.06,3.0,Single-Tasker,Shopping,Online,Surging in Gifts
USR654ba,31.94,8.94,20.44,False,False,False,Normal,3.0,3.0,5.0,5.0,52,329.526,5359.283461538462,204772.28,0.0,0.0,0.0,3200.28,0.0,26352000.0,0.06,3.0,Healthy Active User,Shopping,Mobile App,Surging in Food
USR725fj,8.36,0.16,4.26,False,False,False,Normal,1.0,1.0,4.0,4.0,70,303.4425,1481.5665714285717,62099.21,0.0,0.0,0.0,6394.1,0.0,26092800.0,0.04,3.0,Single-Tasker,Shopping,Mobile App,Surging in Medical/Dental
USR703am,3.36,0.69,2.02,False,False,False,Normal,1.0,2.0,5.0,5.0,46,467.166,280.28456521739133,1083.85,0.0,0.0,0.0,8073.91,0.0,26697600.0,0.07,3.0,Consistent Weekly,Medical/Dental,In-store,Surging in Gifts
USR704Np,6.22,0.32,3.27,False,False,False,Normal,1.0,2.0,4.0,4.0,48,874.9175,2121.6616666666664,71736.42,0.0,0.0,0.0,805.08,0.0,26006400.0,0.06,3.0,Consistent Weekly,Shopping,Mobile App,Surging in Groceries
USR990wn,16.94,27.16,22.05,False,True,False,Normal,1.0,2.0,3.0,3.0,54,29043.49,1916.9657407407408,86982.19,0.0,0.0,0.0,4674.44,0.0,25660800.0,0.06,3.0,Consistent Weekly,Shopping,In-store,Surging in Transportation
USR557yC,0.86,0.75,0.8,False,False,False,Normal,1.0,2.0,3.0,3.0,51,388.82,242.1570588235294,1160.68,0.0,0.0,0.0,6598.85,0.0,26006400.0,0.06,3.0,Consistent Weekly,Fitness,Mobile App,Surging in Medical/Dental
USR165jr,0.13,0.19,0.16,False,False,False,Normal,1.0,1.0,2.0,2.0,50,432.535,253.5422,2948.45,0.0,0.0,0.0,3688.09,0.0,25920000.0,0.06,3.0,Single-Tasker,Shopping,Mobile App,Surging in Transportation
USR203qJ,3.44,0.39,1.91,False,False,False,Normal,1.0,1.0,3.0,3.0,63,55.64666666666667,949.2215873015872,44761.29,0.0,0.0,0.0,3792.35,0.0,26352000.0,0.05,3.0,Single-Tasker,Shopping,Mobile App,Surging in Subscriptions
USR677Eb,5.11,0.79,2.95,False,False,False,Normal,1.0,1.0,3.0,3.0,52,672.6033333333334,2620.7136538461536,104101.2,0.0,0.0,0.0,1103.32,0.0,27043200.0,0.06,3.0,Single-Tasker,Shopping,Online,Surging in Fitness
USR848ei,4.26,0.12,2.19,False,False,False,Normal,1.0,1.0,3.0,3.0,40,97.49333333333334,1630.9615,57019.46,0.0,0.0,0.0,9593.09,0.0,26265600.0,0.08,3.0,Single-Tasker,Shopping,In-store,Surging in Hobbies
USR718eU,0.97,1.02,0.99,False,False,False,Normal,1.0,2.0,2.0,2.0,47,42.24,360.9668085106383,5759.7,0.0,0.0,0.0,4254.8,0.0,25574400.0,0.06,3.0,Consistent Weekly,Housing and Utilities,Online,Surging in Subscriptions
USR162th,7.06,1.95,4.5,False,False,False,Normal,1.0,3.0,4.0,4.0,51,409.1125,1268.758431372549,48135.64,0.0,0.0,0.0,9391.43,0.0,27734400.0,0.06,3.0,Healthy Active User,Shopping,Mobile App,Surging in Fitness
USR279gH,0.49,0.21,0.35,False,False,False,Normal,1.0,1.0,2.0,2.0,47,41.515,310.73574468085104,4078.57,0.0,0.0,0.0,2110.52,0.0,26784000.0,0.06,3.0,Single-Tasker,Housing and Utilities,Mobile App,Surging in Hobbies
USR066Hw,14.51,0.29,7.4,False,False,False,Normal,1.0,2.0,2.0,2.0,60,21.365,4362.008,237032.68,0.0,0.0,0.0,7126.93,0.0,26438400.0,0.05,3.0,Consistent Weekly,Shopping,Mobile App,Surging in Groceries
USR139QE,2.24,1.92,2.08,False,False,False,Normal,1.0,2.0,2.0,2.0,54,314.39,785.0957407407409,17942.38,0.0,0.0,0.0,9753.51,0.0,25574400.0,0.06,3.0,Consistent Weekly,Shopping,Online,Surging in Fitness
USR317Xw,9.07,13.22,11.15,False,False,False,Normal,2.0,2.0,3.0,3.0,46,32.38666666666666,278.0878260869565,1821.45,0.0,0.0,0.0,9714.97,0.0,25660800.0,0.07,3.0,Consistent Weekly,Gifts,In-store,Surging in Subscriptions
USR866Vy,5.2,0.81,3.0,False,False,False,Normal,1.0,1.0,2.0,2.0,43,9.265,2731.0432558139537,89270.65,0.0,0.0,0.0,892.06,0.0,26611200.0,0.07,3.0,Single-Tasker,Shopping,In-store,Surging in Groceries
USR672oM,5.35,0.31,2.83,False,False,False,Normal,1.0,1.0,4.0,4.0,52,715.4449999999999,1964.4101923076923,86966.94,0.0,0.0,0.0,9184.34,0.0,27388800.0,0.06,3.0,Single-Tasker,Shopping,Mobile App,Surging in Fitness
USR437KX,6.94,0.69,3.81,False,False,False,Normal,1.0,1.0,3.0,3.0,66,173.79333333333332,2660.013484848485,84697.66,0.0,0.0,0.0,9373.08,0.0,26438400.0,0.05,3.0,Single-Tasker,Shopping,Mobile App,Surging in Fitness
USR415QQ,0.06,0.12,0.09,False,False,False,Normal,1.0,1.0,3.0,3.0,43,114.74666666666668,268.4981395348837,2161.63,0.0,0.0,0.0,7791.69,0.0,25747200.0,0.07,3.0,Single-Tasker,Personal Hygiene,Mobile App,Surging in Friend Activities
USR332Yp,4.24,0.22,2.23,False,False,False,Normal,1.0,2.0,2.0,2.0,48,31.81,1475.0024999999998,56078.04,0.0,0.0,0.0,2504.65,0.0,27561600.0,0.06,3.0,Consistent Weekly,Shopping,Online,Surging in Personal Hygiene
USR598Hk,4.56,0.25,2.41,False,False,False,Normal,1.0,1.0,2.0,2.0,50,1028.8300000000002,1941.2036,84850.45,0.0,0.0,0.0,9642.0,0.0,25574400.0,0.06,3.0,Single-Tasker,Shopping,Online,Surging in Housing and Utilities
USR726VM,4.12,0.07,2.1,False,False,False,Normal,1.0,1.0,2.0,2.0,49,135.26000000000002,1858.097142857143,51052.81,0.0,0.0,0.0,1148.22,0.0,27820800.0,0.06,3.0,Single-Tasker,Shopping,In-store,Surging in Medical/Dental
USR059hG,0.28,0.05,0.17,False,False,False,Normal,1.0,1.0,2.0,2.0,46,68.96,287.26347826086953,2995.22,0.0,0.0,0.0,7646.76,0.0,25833600.0,0.07,3.0,Single-Tasker,Shopping,Online,Surging in Food
USR843Yq,0.36,0.18,0.27,False,False,False,Normal,1.0,1.0,2.0,2.0,50,244.08,343.9458,5113.02,0.0,0.0,0.0,8460.73,0.0,27388800.0,0.06,3.0,Single-Tasker,Housing and Utilities,In-store,Surging in Shopping
USR473tw,8.97,0.28,4.63,False,False,False,Normal,1.0,1.0,2.0,2.0,35,241.45,2315.7874285714283,72604.92,0.0,0.0,0.0,1171.82,0.0,26697600.0,0.09,3.0,Single-Tasker,Shopping,In-store,Surging in Food
USR146jK,0.95,0.03,0.49,False,False,False,Normal,1.0,1.0,3.0,3.0,40,136.69333333333333,292.354,4164.41,0.0,0.0,0.0,4704.08,0.0,26870400.0,0.08,3.0,Single-Tasker,Shopping,Mobile App,Surging in Travel
USR785nU,0.08,0.29,0.18,False,False,False,Normal,1.0,1.0,3.0,3.0,47,736.3933333333334,311.9855319148936,2374.18,0.0,0.0,0.0,6658.35,0.0,27648000.0,0.06,3.0,Single-Tasker,Gifts,Online,Surging in Gifts
USR102Ib,23.73,2.74,13.24,False,False,False,Normal,1.0,2.0,3.0,3.0,49,53.883333333333326,10512.950612244897,278057.06,0.0,0.0,0.0,1427.52,0.0,26352000.0,0.06,3.0,Consistent Weekly,Shopping,Online,Surging in Hobbies
USR350bh,3.67,0.71,2.19,False,False,False,Normal,1.0,1.0,4.0,4.0,38,263.73,232.30578947368423,961.73,0.0,0.0,0.0,3389.31,0.0,27475200.0,0.08,3.0,Single-Tasker,Medical/Dental,In-store,Surging in Food
USR331Xb,2.69,0.12,1.4,False,False,False,Normal,1.0,1.0,3.0,3.0,42,571.2966666666666,1446.5692857142858,52325.26,0.0,0.0,0.0,9407.16,0.0,26784000.0,0.07,3.0,Single-Tasker,Shopping,In-store,Surging in Fitness
USR723TN,0.12,0.02,0.07,False,False,False,Normal,1.0,1.0,3.0,3.0,54,52.0,290.9468518518518,2025.52,0.0,0.0,0.0,6470.11,0.0,25660800.0,0.06,3.0,Single-Tasker,Travel,In-store,Surging in Gifts
USR395Ke,18.29,0.55,9.42,False,False,False,Normal,1.0,1.0,1.0,1.0,58,9.93,6330.366551724137,237483.15,0.0,0.0,0.0,4591.05,0.0,28080000.0,0.05,3.0,Single-Tasker,Shopping,Online,Surging in Food
USR421oQ,40.87,21.68,31.28,False,True,False,Normal,2.0,2.0,4.0,4.0,53,48544.125,8054.62358490566,194038.15,0.0,0.0,0.0,1770.58,0.0,26697600.0,0.06,3.0,Consistent Weekly,Shopping,Online,Surging in Shopping
USR698Vo,2.01,0.62,1.32,False,False,False,Normal,1.0,1.0,4.0,4.0,41,63.7775,312.3517073170732,6502.99,0.0,0.0,0.0,1979.69,0.0,27043200.0,0.07,3.0,Single-Tasker,Housing and Utilities,Online,Surging in Hobbies
USR951HI,4.98,1.03,3.0,False,False,False,Normal,1.0,2.0,6.0,6.0,56,327.1383333333333,429.98785714285714,4892.41,0.0,0.0,0.0,7681.15,0.0,25660800.0,0.05,3.0,Consistent Weekly,Shopping,Mobile App,Surging in Gifts
USR495Vi,21.15,1.14,11.15,False,False,False,Normal,1.0,1.0,1.0,1.0,52,95.47,5908.235576923077,291770.06,0.0,0.0,0.0,6720.12,0.0,27216000.0,0.06,3.0,Single-Tasker,Shopping,In-store,Surging in Food
USR466ol,5.26,0.15,2.7,False,False,False,Normal,1.0,1.0,3.0,3.0,44,693.13,1716.0125,57903.41,0.0,0.0,0.0,2258.55,0.0,30240000.0,0.07,3.0,Single-Tasker,Shopping,In-store,Surging in Fitness
USR298ko,7.93,1.56,4.74,False,False,False,Normal,1.0,2.0,4.0,4.0,43,69.9425,4590.107441860465,100894.24,0.0,0.0,0.0,6073.33,0.0,27820800.0,0.07,3.0,Consistent Weekly,Shopping,Mobile App,Surging in Subscriptions
USR914Gc,21.35,27.63,24.49,False,True,False,Normal,1.0,3.0,3.0,3.0,52,29544.18333333333,1939.1251923076925,88178.1,0.0,0.0,0.0,4062.81,0.0,28771200.0,0.06,3.0,Healthy Active User,Shopping,Online,Surging in Shopping
USR310Wm,17.74,0.61,9.18,False,False,False,Normal,1.0,2.0,3.0,3.0,55,377.93,5181.831636363636,271129.92,0.0,0.0,0.0,9217.51,0.0,27475200.0,0.05,3.0,Consistent Weekly,Shopping,Mobile App,Surging in Travel
USR199CW,5.12,1.01,3.07,False,False,False,Normal,1.0,2.0,6.0,6.0,54,398.66833333333335,739.5614814814815,16821.62,0.0,0.0,0.0,6009.97,0.0,26006400.0,0.06,3.0,Consistent Weekly,Shopping,In-store,Surging in Groceries
USR538ia,11.94,12.75,12.34,False,False,False,Normal,2.0,2.0,4.0,4.0,38,695.245,297.50131578947367,2395.57,0.0,0.0,0.0,9866.45,0.0,25574400.0,0.08,3.0,Consistent Weekly,Shopping,In-store,Surging in Shopping
USR272Ng,5.42,0.31,2.87,False,False,False,Normal,1.0,1.0,5.0,5.0,47,58.438,1546.9595744680848,49941.02,0.0,0.0,0.0,8696.91,0.0,28684800.0,0.06,3.0,Single-Tasker,Shopping,In-store,Surging in Hobbies
USR757AI,6.82,1.08,3.95,False,False,False,Normal,1.0,2.0,6.0,6.0,41,38.281666666666666,183.17365853658532,1764.2,0.0,0.0,0.0,1050.76,0.0,27388800.0,0.07,3.0,Consistent Weekly,Medical/Dental,Online,Surging in Shopping
USR895fU,24.22,1.83,13.03,False,False,False,Normal,1.0,2.0,2.0,2.0,44,91.73,8698.476590909091,317197.82,0.0,0.0,0.0,6848.48,0.0,25833600.0,0.07,3.0,Consistent Weekly,Shopping,Online,Surging in Subscriptions
USR009qR,2.65,0.18,1.41,False,False,False,Normal,1.0,1.0,1.0,1.0,54,19.72,414.8540740740741,6962.42,0.0,0.0,0.0,8095.09,0.0,25660800.0,0.06,3.0,Single-Tasker,Housing and Utilities,Online,Surging in Friend Activities
USR197Mx,7.1,0.6,3.85,False,False,False,Normal,1.0,2.0,2.0,2.0,53,248.565,3665.7449056603778,125798.6,0.0,0.0,0.0,6747.75,0.0,27043200.0,0.06,3.0,Consistent Weekly,Shopping,Online,Surging in Friend Activities
USR926hk,2.44,1.75,2.1,False,False,False,Normal,1.0,2.0,2.0,2.0,50,2380.965,488.014,6867.67,0.0,0.0,0.0,7687.82,0.0,26524800.0,0.06,3.0,Consistent Weekly,Shopping,In-store,Surging in Friend Activities
USR832EJ,6.01,1.15,3.58,False,False,False,Normal,1.0,2.0,4.0,4.0,53,449.1950000000001,2820.6866037735845,68982.29,0.0,0.0,0.0,8531.87,0.0,27820800.0,0.06,3.0,Consistent Weekly,Shopping,Mobile App,Surging in Subscriptions
USR803YO,6.37,0.97,3.67,False,False,False,Normal,1.0,2.0,4.0,4.0,53,430.505,2915.9464150943395,139125.95,0.0,0.0,0.0,4214.95,0.0,26006400.0,0.06,3.0,Consistent Weekly,Shopping,In-store,Surging in Travel
USR489hA,17.0,3.77,10.38,False,False,False,Normal,2.0,2.0,4.0,4.0,54,52.2025,3397.446481481481,171397.48,0.0,0.0,0.0,3133.67,0.0,25920000.0,0.06,3.0,Consistent Weekly,Shopping,Online,Surging in Subscriptions
USR587rm,2.39,1.0,1.69,False,False,False,Normal,1.0,2.0,3.0,3.0,37,301.34,322.0424324324324,2218.78,0.0,0.0,0.0,3603.04,0.0,25660800.0,0.08,3.0,Consistent Weekly,Fitness,Online,Surging in Gifts
USR103fp,28.15,2.23,15.19,False,False,False,Normal,1.0,3.0,9.0,9.0,53,228.95,6150.533396226416,171327.87,0.0,0.0,0.0,3238.99,0.0,26438400.0,0.06,3.0,Healthy Active User,Shopping,Mobile App,Surging in Gifts
USR710BJ,20.51,1.34,10.93,False,False,False,Normal,1.0,1.0,3.0,3.0,42,449.29,7181.775,295387.25,0.0,0.0,0.0,1464.19,0.0,27302400.0,0.07,3.0,Single-Tasker,Shopping,In-store,Surging in Travel
USR964lF,6.58,1.71,4.15,False,False,False,Normal,1.0,1.0,6.0,6.0,57,1319.7966666666666,466.3698245614036,7154.32,0.0,0.0,0.0,2503.87,0.0,27475200.0,0.05,3.0,Single-Tasker,Housing and Utilities,Online,Surging in Shopping
USR901Hl,8.82,0.07,4.44,False,False,False,Normal,1.0,1.0,3.0,3.0,48,128.33666666666667,4887.409166666666,214910.5,0.0,0.0,0.0,2502.25,0.0,25747200.0,0.06,3.0,Single-Tasker,Shopping,Online,Surging in Gifts
USR157Ok,6.51,0.28,3.39,False,False,False,Normal,1.0,1.0,1.0,1.0,56,8.16,1199.4517857142855,58087.43,0.0,0.0,0.0,380.72,0.0,25660800.0,0.05,3.0,Single-Tasker,Shopping,Online,Surging in Food
USR640RH,21.73,3.66,12.69,False,False,False,Normal,2.0,2.0,3.0,3.0,59,983.7366666666668,5347.913898305084,206258.18,0.0,0.0,0.0,9467.61,0.0,26697600.0,0.05,3.0,Consistent Weekly,Shopping,Mobile App,Surging in Housing and Utilities
USR953VW,5.41,1.08,3.24,False,False,False,Normal,1.0,1.0,2.0,2.0,45,247.445,3147.306888888889,94257.77,0.0,0.0,0.0,984.57,0.0,25833600.0,0.07,3.0,Single-Tasker,Shopping,In-store,Surging in Friend Activities
USR155Ld,14.97,6.28,10.62,False,False,False,Normal,1.0,2.0,4.0,4.0,43,11534.8725,5003.338837209302,160789.58,0.0,0.0,0.0,6003.62,0.0,25920000.0,0.07,3.0,Consistent Weekly,Shopping,Mobile App,Surging in Housing and Utilities
USR979Po,1.62,0.88,1.25,False,False,False,Normal,1.0,1.0,2.0,2.0,44,869.96,247.37727272727275,1474.42,0.0,0.0,0.0,1827.89,0.0,29203200.0,0.07,3.0,Single-Tasker,Fitness,Mobile App,Surging in Gifts
USR977PC,7.87,0.21,4.04,False,False,False,Normal,1.0,1.0,3.0,3.0,39,20.466666666666665,4105.607692307693,153334.39,0.0,0.0,0.0,6549.5,0.0,26352000.0,0.08,3.0,Single-Tasker,Shopping,In-store,Surging in Personal Hygiene
USR985cj,13.15,0.11,6.63,False,False,False,Normal,1.0,1.0,3.0,3.0,63,701.8466666666667,5432.480317460318,202656.54,0.0,0.0,0.0,8477.95,0.0,28339200.0,0.05,3.0,Single-Tasker,Shopping,In-store,Surging in Personal Hygiene
USR548Uw,7.94,0.01,3.97,False,False,False,Normal,1.0,1.0,2.0,2.0,53,592.735,3561.961320754717,175084.14,0.0,0.0,0.0,1546.46,0.0,27734400.0,0.06,3.0,Single-Tasker,Shopping,Mobile App,Surging in Travel
USR321bf,1.77,0.38,1.08,False,False,False,Normal,1.0,1.0,2.0,2.0,38,294.08,667.7278947368421,4923.62,0.0,0.0,0.0,3529.41,0.0,27561600.0,0.08,3.0,Single-Tasker,Housing and Utilities,Mobile App,Surging in Gifts
USR329IV,34.92,11.57,23.25,False,False,False,Normal,1.0,1.0,7.0,7.0,145,-41.87714285714286,-62.70041379310344,89.4,-480.0,0.0,-12000.0,110.0,0.0,2073600.0,0.03,5.0,Single-Tasker,Transportation,United Airlines,Surging in Transportation
USR470Uv,12.14,0.24,6.19,False,False,False,Normal,1.0,1.0,3.0,3.0,49,5.5200000000000005,10.091836734693878,25.0,-4.22,-4.22,-105.5,210.0,0.0,2160000.0,0.02,1.0,Single-Tasker,Finance,Unknown Merchant,Surging in Finance
USR557Nb,5.84,0.24,3.04,False,False,False,Normal,1.0,1.0,2.0,2.0,24,1000.0,1000.0,1000.0,0.0,0.0,0.0,1000.0,0.0,4406400.0,0.04,1.0,Single-Tasker,Finance,Unknown Merchant,Surging in Finance
USR888CC,18.62,5.59,12.11,False,False,False,Normal,1.0,5.0,7.0,7.0,144,665.2857142857143,692.8333333333334,2078.5,0.0,0.0,0.0,410.0,0.0,3024000.0,0.02,3.0,Healthy Active User,Finance,Unknown Merchant,Surging in Finance
USR101Ec,21.06,13.02,17.04,False,False,False,Normal,1.0,1.0,2.0,2.0,24,5850.0,5850.0,5850.0,0.0,0.0,0.0,43200.0,0.0,4406400.0,0.04,1.0,Single-Tasker,Finance,Unknown Merchant,Surging in Finance
USR277yT,12.19,12.82,12.5,False,False,False,Normal,0.0,0.0,0.0,0.0,0,0.0,0.0,0.0,0.0,0.0,0.0,320.76,,0.0,0.0,0.0,Low Activity/Trial,,,No Data
USR890mz,12.9,3.3,8.1,False,False,False,Normal,0.0,0.0,0.0,0.0,0,0.0,0.0,0.0,0.0,0.0,0.0,23631.9805,,0.0,0.0,0.0,Low Activity/Trial,,,No Data
USR346Lq,18.6,0.24,9.42,False,False,False,Normal,0.0,0.0,0.0,0.0,0,0.0,0.0,0.0,0.0,0.0,0.0,65262.0,,0.0,0.0,0.0,Low Activity/Trial,,,No Data
USR587Gv,16.88,0.24,8.56,False,False,False,Normal,0.0,0.0,0.0,0.0,0,0.0,0.0,0.0,0.0,0.0,0.0,56302.06,,0.0,0.0,0.0,Low Activity/Trial,,,No Data
USR542bK,9.1,0.24,4.67,False,False,False,Normal,0.0,0.0,0.0,0.0,0,0.0,0.0,0.0,0.0,0.0,0.0,6009.0,,0.0,0.0,0.0,Low Activity/Trial,,,No Data
USR037Lk,11.05,17.4,14.23,False,False,False,Normal,0.0,0.0,0.0,0.0,0,0.0,0.0,0.0,0.0,0.0,0.0,12060.0,,0.0,0.0,0.0,Low Activity/Trial,,,No Data
USR076aO,9.18,0.24,4.71,False,False,False,Normal,0.0,0.0,0.0,0.0,0,0.0,0.0,0.0,0.0,0.0,0.0,5020.0,,0.0,0.0,0.0,Low Activity/Trial,,,No Data
USR542rd,33.4,11.58,22.49,False,False,False,Normal,1.0,1.0,7.0,7.0,145,-41.87714285714286,-62.70041379310344,89.4,-480.0,0.0,-12000.0,110.0,0.0,2073600.0,0.04,6.0,Single-Tasker,Transportation,United Airlines,Surging in Transportation
USR628FF,12.14,0.24,6.19,False,False,False,Normal,1.0,1.0,3.0,3.0,49,5.5200000000000005,10.091836734693878,25.0,-4.22,-4.22,-105.5,210.0,0.0,2160000.0,0.02,1.0,Single-Tasker,Finance,Unknown Merchant,Surging in Finance
USR981sU,5.84,0.24,3.04,False,False,False,Normal,1.0,1.0,2.0,2.0,24,1000.0,1000.0,1000.0,0.0,0.0,0.0,1000.0,0.0,4406400.0,0.04,1.0,Single-Tasker,Finance,Unknown Merchant,Surging in Finance
USR138nO,18.62,5.59,12.11,False,False,False,Normal,1.0,5.0,7.0,7.0,144,665.2857142857143,692.8333333333334,2078.5,0.0,0.0,0.0,410.0,0.0,3024000.0,0.02,3.0,Healthy Active User,Finance,Unknown Merchant,Surging in Finance
USR352dx,21.06,13.02,17.04,False,False,False,Normal,1.0,1.0,2.0,2.0,24,5850.0,5850.0,5850.0,0.0,0.0,0.0,43200.0,0.0,4406400.0,0.04,1.0,Single-Tasker,Finance,Unknown Merchant,Surging in Finance
USR465JE,12.19,12.82,12.5,False,False,False,Normal,0.0,0.0,0.0,0.0,0,0.0,0.0,0.0,0.0,0.0,0.0,320.76,,0.0,0.0,0.0,Low Activity/Trial,,,No Data
USR637Ps,12.9,3.3,8.1,False,False,False,Normal,0.0,0.0,0.0,0.0,0,0.0,0.0,0.0,0.0,0.0,0.0,23631.9805,,0.0,0.0,0.0,Low Activity/Trial,,,No Data
USR958Ub,18.6,0.24,9.42,False,False,False,Normal,0.0,0.0,0.0,0.0,0,0.0,0.0,0.0,0.0,0.0,0.0,65262.0,,0.0,0.0,0.0,Low Activity/Trial,,,No Data
USR432HO,16.88,0.24,8.56,False,False,False,Normal,0.0,0.0,0.0,0.0,0,0.0,0.0,0.0,0.0,0.0,0.0,56302.06,,0.0,0.0,0.0,Low Activity/Trial,,,No Data
USR600iP,9.1,0.24,4.67,False,False,False,Normal,0.0,0.0,0.0,0.0,0,0.0,0.0,0.0,0.0,0.0,0.0,6009.0,,0.0,0.0,0.0,Low Activity/Trial,,,No Data
USR702jw,11.05,17.4,14.23,False,False,False,Normal,0.0,0.0,0.0,0.0,0,0.0,0.0,0.0,0.0,0.0,0.0,12060.0,,0.0,0.0,0.0,Low Activity/Trial,,,No Data
USR967NT,9.18,0.24,4.71,False,False,False,Normal,0.0,0.0,0.0,0.0,0,0.0,0.0,0.0,0.0,0.0,0.0,5020.0,,0.0,0.0,0.0,Low Activity/Trial,,,No Data
USR761gu,33.4,11.58,22.49,False,False,False,Normal,1.0,1.0,7.0,7.0,145,-41.87714285714286,-62.70041379310344,89.4,-480.0,0.0,-12000.0,110.0,0.0,2073600.0,0.04,6.0,Single-Tasker,Transportation,United Airlines,Surging in Transportation
USR940yP,12.14,0.24,6.19,False,False,False,Normal,1.0,1.0,3.0,3.0,49,5.5200000000000005,10.091836734693878,25.0,-4.22,-4.22,-105.5,210.0,0.0,2160000.0,0.02,1.0,Single-Tasker,Finance,Unknown Merchant,Surging in Finance
USR721Sq,5.84,0.24,3.04,False,False,False,Normal,1.0,1.0,2.0,2.0,24,1000.0,1000.0,1000.0,0.0,0.0,0.0,1000.0,0.0,4406400.0,0.04,1.0,Single-Tasker,Finance,Unknown Merchant,Surging in Finance
USR051Ap,18.62,5.59,12.11,False,False,False,Normal,1.0,5.0,7.0,7.0,144,665.2857142857143,692.8333333333334,2078.5,0.0,0.0,0.0,410.0,0.0,3024000.0,0.02,3.0,Healthy Active User,Finance,Unknown Merchant,Surging in Finance
USR525bL,21.06,13.02,17.04,False,False,False,Normal,1.0,1.0,2.0,2.0,24,5850.0,5850.0,5850.0,0.0,0.0,0.0,43200.0,0.0,4406400.0,0.04,1.0,Single-Tasker,Finance,Unknown Merchant,Surging in Finance
USR981TN,12.19,12.82,12.5,False,False,False,Normal,0.0,0.0,0.0,0.0,0,0.0,0.0,0.0,0.0,0.0,0.0,320.76,,0.0,0.0,0.0,Low Activity/Trial,,,No Data
USR375UA,12.9,3.3,8.1,False,False,False,Normal,0.0,0.0,0.0,0.0,0,0.0,0.0,0.0,0.0,0.0,0.0,23631.9805,,0.0,0.0,0.0,Low Activity/Trial,,,No Data
USR668BV,18.6,0.24,9.42,False,False,False,Normal,0.0,0.0,0.0,0.0,0,0.0,0.0,0.0,0.0,0.0,0.0,65262.0,,0.0,0.0,0.0,Low Activity/Trial,,,No Data
USR056dz,16.88,0.24,8.56,False,False,False,Normal,0.0,0.0,0.0,0.0,0,0.0,0.0,0.0,0.0,0.0,0.0,56302.06,,0.0,0.0,0.0,Low Activity/Trial,,,No Data
USR678Jt,9.1,0.24,4.67,False,False,False,Normal,0.0,0.0,0.0,0.0,0,0.0,0.0,0.0,0.0,0.0,0.0,6009.0,,0.0,0.0,0.0,Low Activity/Trial,,,No Data
USR745Bz,11.05,17.4,14.23,False,False,False,Normal,0.0,0.0,0.0,0.0,0,0.0,0.0,0.0,0.0,0.0,0.0,12060.0,,0.0,0.0,0.0,Low Activity/Trial,,,No Data
USR625kR,9.18,0.24,4.71,False,False,False,Normal,0.0,0.0,0.0,0.0,0,0.0,0.0,0.0,0.0,0.0,0.0,5020.0,,0.0,0.0,0.0,Low Activity/Trial,,,No Data
USR398kh,33.4,11.58,22.49,False,False,False,Normal,1.0,1.0,7.0,7.0,145,-41.87714285714286,-62.70041379310344,89.4,-480.0,0.0,-12000.0,110.0,0.0,2073600.0,0.04,6.0,Single-Tasker,Transportation,United Airlines,Surging in Transportation
USR986Sg,12.14,0.24,6.19,False,False,False,Normal,1.0,1.0,3.0,3.0,49,5.5200000000000005,10.091836734693878,25.0,-4.22,-4.22,-105.5,210.0,0.0,2160000.0,0.02,1.0,Single-Tasker,Finance,Unknown Merchant,Surging in Finance
USR272FG,5.84,0.24,3.04,False,False,False,Normal,1.0,1.0,2.0,2.0,24,1000.0,1000.0,1000.0,0.0,0.0,0.0,1000.0,0.0,4406400.0,0.04,1.0,Single-Tasker,Finance,Unknown Merchant,Surging in Finance
USR907oy,18.62,5.59,12.11,False,False,False,Normal,1.0,5.0,7.0,7.0,144,665.2857142857143,692.8333333333334,2078.5,0.0,0.0,0.0,410.0,0.0,3024000.0,0.02,3.0,Healthy Active User,Finance,Unknown Merchant,Surging in Finance
USR678LY,21.06,13.02,17.04,False,False,False,Normal,1.0,1.0,2.0,2.0,24,5850.0,5850.0,5850.0,0.0,0.0,0.0,43200.0,0.0,4406400.0,0.04,1.0,Single-Tasker,Finance,Unknown Merchant,Surging in Finance
USR626bp,12.19,12.82,12.5,False,False,False,Normal,0.0,0.0,0.0,0.0,0,0.0,0.0,0.0,0.0,0.0,0.0,320.76,,0.0,0.0,0.0,Low Activity/Trial,,,No Data
USR030tI,12.9,3.3,8.1,False,False,False,Normal,0.0,0.0,0.0,0.0,0,0.0,0.0,0.0,0.0,0.0,0.0,23631.9805,,0.0,0.0,0.0,Low Activity/Trial,,,No Data
USR703hK,18.6,0.24,9.42,False,False,False,Normal,0.0,0.0,0.0,0.0,0,0.0,0.0,0.0,0.0,0.0,0.0,65262.0,,0.0,0.0,0.0,Low Activity/Trial,,,No Data
USR401gL,16.88,0.24,8.56,False,False,False,Normal,0.0,0.0,0.0,0.0,0,0.0,0.0,0.0,0.0,0.0,0.0,56302.06,,0.0,0.0,0.0,Low Activity/Trial,,,No Data
USR277dW,9.1,0.24,4.67,False,False,False,Normal,0.0,0.0,0.0,0.0,0,0.0,0.0,0.0,0.0,0.0,0.0,6009.0,,0.0,0.0,0.0,Low Activity/Trial,,,No Data
USR514qc,11.05,17.4,14.23,False,False,False,Normal,0.0,0.0,0.0,0.0,0,0.0,0.0,0.0,0.0,0.0,0.0,12060.0,,0.0,0.0,0.0,Low Activity/Trial,,,No Data
USR259ou,9.18,0.24,4.71,False,False,False,Normal,0.0,0.0,0.0,0.0,0,0.0,0.0,0.0,0.0,0.0,0.0,5020.0,,0.0,0.0,0.0,Low Activity/Trial,,,No Data
USR340wo,89.56,8.36,48.96,True,False,False,Normal,5.0,22.0,107.0,107.0,107,38.73710280373832,38.73710280373832,1400.0,-2600.0,0.0,-5200.0,110.0,0.0,2073600.0,0.77,82.0,High-Intensity User,Finance,Unknown Merchant,Surging in Transportation
USR471zI,30.31,1.31,15.81,False,False,False,Normal,1.0,1.0,1.0,1.0,1,-4.22,-4.22,-4.22,-4.22,-4.22,-4.22,210.0,0.0,2160000.0,1.0,1.0,Single-Tasker,Finance,Unknown Merchant,Surging in Finance
USR514Mj,26.66,1.34,14.0,False,False,False,Normal,1.0,1.0,1.0,1.0,1,1000.0,1000.0,1000.0,0.0,0.0,0.0,1205.0,0.0,4406400.0,1.0,1.0,Single-Tasker,Finance,Unknown Merchant,Surging in Finance
USR486wN,32.57,1.6,17.09,False,False,False,Normal,1.0,5.0,7.0,7.0,7,589.7857142857143,589.7857142857143,2078.5,0.0,0.0,0.0,410.0,0.0,3024000.0,0.71,5.0,Healthy Active User,Finance,Unknown Merchant,Surging in Finance
USR707cn,16.88,0.24,8.56,False,False,False,Normal,0.0,0.0,0.0,0.0,0,0.0,0.0,0.0,0.0,0.0,0.0,56302.06,,0.0,0.0,0.0,Low Activity/Trial,,,No Data
USR229Pm,9.18,0.24,4.71,False,False,False,Normal,0.0,0.0,0.0,0.0,0,0.0,0.0,0.0,0.0,0.0,0.0,5020.0,,0.0,0.0,0.0,Low Activity/Trial,,,No Data
USR844Zm,34.92,11.57,23.25,False,False,False,Normal,1.0,1.0,7.0,7.0,145,-41.87714285714286,-62.70041379310344,89.4,-480.0,0.0,-12000.0,110.0,0.0,2073600.0,0.03,5.0,Single-Tasker,Transportation,United Airlines,Surging in Transportation
USR001ul,12.14,0.24,6.19,False,False,False,Normal,1.0,1.0,3.0,3.0,49,5.5200000000000005,10.091836734693878,25.0,-4.22,-4.22,-105.5,210.0,0.0,2160000.0,0.02,1.0,Single-Tasker,Finance,Unknown Merchant,Surging in Finance
USR333eC,5.84,0.24,3.04,False,False,False,Normal,1.0,1.0,2.0,2.0,24,1000.0,1000.0,1000.0,0.0,0.0,0.0,1000.0,0.0,4406400.0,0.04,1.0,Single-Tasker,Finance,Unknown Merchant,Surging in Finance
USR964ub,18.62,5.59,12.11,False,False,False,Normal,1.0,5.0,7.0,7.0,144,665.2857142857143,692.8333333333334,2078.5,0.0,0.0,0.0,410.0,0.0,3024000.0,0.02,3.0,Healthy Active User,Finance,Unknown Merchant,Surging in Finance
USR827NH,21.06,13.02,17.04,False,False,False,Normal,1.0,1.0,2.0,2.0,24,5850.0,5850.0,5850.0,0.0,0.0,0.0,43200.0,0.0,4406400.0,0.04,1.0,Single-Tasker,Finance,Unknown Merchant,Surging in Finance
USR871gH,12.19,12.82,12.5,False,False,False,Normal,0.0,0.0,0.0,0.0,0,0.0,0.0,0.0,0.0,0.0,0.0,320.76,,0.0,0.0,0.0,Low Activity/Trial,,,No Data
USR704Hs,12.9,3.3,8.1,False,False,False,Normal,0.0,0.0,0.0,0.0,0,0.0,0.0,0.0,0.0,0.0,0.0,23631.9805,,0.0,0.0,0.0,Low Activity/Trial,,,No Data
USR566Ig,18.6,0.24,9.42,False,False,False,Normal,0.0,0.0,0.0,0.0,0,0.0,0.0,0.0,0.0,0.0,0.0,65262.0,,0.0,0.0,0.0,Low Activity/Trial,,,No Data
USR272eU,16.88,0.24,8.56,False,False,False,Normal,0.0,0.0,0.0,0.0,0,0.0,0.0,0.0,0.0,0.0,0.0,56302.06,,0.0,0.0,0.0,Low Activity/Trial,,,No Data
USR971nl,9.1,0.24,4.67,False,False,False,Normal,0.0,0.0,0.0,0.0,0,0.0,0.0,0.0,0.0,0.0,0.0,6009.0,,0.0,0.0,0.0,Low Activity/Trial,,,No Data
USR575ro,11.05,17.4,14.23,False,False,False,Normal,0.0,0.0,0.0,0.0,0,0.0,0.0,0.0,0.0,0.0,0.0,12060.0,,0.0,0.0,0.0,Low Activity/Trial,,,No Data
USR464Az,9.18,0.24,4.71,False,False,False,Normal,0.0,0.0,0.0,0.0,0,0.0,0.0,0.0,0.0,0.0,0.0,5020.0,,0.0,0.0,0.0,Low Activity/Trial,,,No Data
USR264Ys,33.4,11.58,22.49,False,False,False,Normal,1.0,1.0,7.0,7.0,145,-41.87714285714286,-62.70041379310344,89.4,-480.0,0.0,-12000.0,110.0,0.0,2073600.0,0.04,6.0,Single-Tasker,Transportation,United Airlines,Surging in Transportation
USR263pz,12.14,0.24,6.19,False,False,False,Normal,1.0,1.0,3.0,3.0,49,5.5200000000000005,10.091836734693878,25.0,-4.22,-4.22,-105.5,210.0,0.0,2160000.0,0.02,1.0,Single-Tasker,Finance,Unknown Merchant,Surging in Finance
USR840Il,5.84,0.24,3.04,False,False,False,Normal,1.0,1.0,2.0,2.0,24,1000.0,1000.0,1000.0,0.0,0.0,0.0,1000.0,0.0,4406400.0,0.04,1.0,Single-Tasker,Finance,Unknown Merchant,Surging in Finance
USR950fn,18.62,5.59,12.11,False,False,False,Normal,1.0,5.0,7.0,7.0,144,665.2857142857143,692.8333333333334,2078.5,0.0,0.0,0.0,410.0,0.0,3024000.0,0.02,3.0,Healthy Active User,Finance,Unknown Merchant,Surging in Finance
USR562FO,21.06,13.02,17.04,False,False,False,Normal,1.0,1.0,2.0,2.0,24,5850.0,5850.0,5850.0,0.0,0.0,0.0,43200.0,0.0,4406400.0,0.04,1.0,Single-Tasker,Finance,Unknown Merchant,Surging in Finance
USR214bO,12.19,12.82,12.5,False,False,False,Normal,0.0,0.0,0.0,0.0,0,0.0,0.0,0.0,0.0,0.0,0.0,320.76,,0.0,0.0,0.0,Low Activity/Trial,,,No Data
USR355WP,12.9,3.3,8.1,False,False,False,Normal,0.0,0.0,0.0,0.0,0,0.0,0.0,0.0,0.0,0.0,0.0,23631.9805,,0.0,0.0,0.0,Low Activity/Trial,,,No Data
USR707rn,18.6,0.24,9.42,False,False,False,Normal,0.0,0.0,0.0,0.0,0,0.0,0.0,0.0,0.0,0.0,0.0,65262.0,,0.0,0.0,0.0,Low Activity/Trial,,,No Data
USR229Dn,16.88,0.24,8.56,False,False,False,Normal,0.0,0.0,0.0,0.0,0,0.0,0.0,0.0,0.0,0.0,0.0,56302.06,,0.0,0.0,0.0,Low Activity/Trial,,,No Data
USR194uB,9.1,0.24,4.67,False,False,False,Normal,0.0,0.0,0.0,0.0,0,0.0,0.0,0.0,0.0,0.0,0.0,6009.0,,0.0,0.0,0.0,Low Activity/Trial,,,No Data
USR071ef,11.05,17.4,14.23,False,False,False,Normal,0.0,0.0,0.0,0.0,0,0.0,0.0,0.0,0.0,0.0,0.0,12060.0,,0.0,0.0,0.0,Low Activity/Trial,,,No Data
USR998yq,9.18,0.24,4.71,False,False,False,Normal,0.0,0.0,0.0,0.0,0,0.0,0.0,0.0,0.0,0.0,0.0,5020.0,,0.0,0.0,0.0,Low Activity/Trial,,,No Data
USR869qe,89.56,8.36,48.96,True,False,False,Normal,5.0,22.0,107.0,107.0,107,38.73710280373832,38.73710280373832,1400.0,-2600.0,0.0,-5200.0,110.0,0.0,2073600.0,0.77,82.0,High-Intensity User,Finance,Unknown Merchant,Surging in Transportation
USR024KD,30.31,1.31,15.81,False,False,False,Normal,1.0,1.0,1.0,1.0,1,-4.22,-4.22,-4.22,-4.22,-4.22,-4.22,210.0,0.0,2160000.0,1.0,1.0,Single-Tasker,Finance,Unknown Merchant,Surging in Finance
USR661QD,26.66,1.34,14.0,False,False,False,Normal,1.0,1.0,1.0,1.0,1,1000.0,1000.0,1000.0,0.0,0.0,0.0,1205.0,0.0,4406400.0,1.0,1.0,Single-Tasker,Finance,Unknown Merchant,Surging in Finance
USR006To,32.57,1.6,17.09,False,False,False,Normal,1.0,5.0,7.0,7.0,7,589.7857142857143,589.7857142857143,2078.5,0.0,0.0,0.0,410.0,0.0,3024000.0,0.71,5.0,Healthy Active User,Finance,Unknown Merchant,Surging in Finance
USR785BT,16.88,0.24,8.56,False,False,False,Normal,0.0,0.0,0.0,0.0,0,0.0,0.0,0.0,0.0,0.0,0.0,56302.06,,0.0,0.0,0.0,Low Activity/Trial,,,No Data
USR154xS,9.18,0.24,4.71,False,False,False,Normal,0.0,0.0,0.0,0.0,0,0.0,0.0,0.0,0.0,0.0,0.0,5020.0,,0.0,0.0,0.0,Low Activity/Trial,,,No Data
USR273gg,34.92,11.57,23.25,False,False,False,Normal,1.0,1.0,7.0,7.0,145,-41.87714285714286,-62.70041379310344,89.4,-480.0,0.0,-12000.0,110.0,0.0,2073600.0,0.03,5.0,Single-Tasker,Transportation,United Airlines,Surging in Transportation
USR507pL,12.14,0.24,6.19,False,False,False,Normal,1.0,1.0,3.0,3.0,49,5.5200000000000005,10.091836734693878,25.0,-4.22,-4.22,-105.5,210.0,0.0,2160000.0,0.02,1.0,Single-Tasker,Finance,Unknown Merchant,Surging in Finance
USR305BD,5.84,0.24,3.04,False,False,False,Normal,1.0,1.0,2.0,2.0,24,1000.0,1000.0,1000.0,0.0,0.0,0.0,1000.0,0.0,4406400.0,0.04,1.0,Single-Tasker,Finance,Unknown Merchant,Surging in Finance
USR002SI,18.62,5.59,12.11,False,False,False,Normal,1.0,5.0,7.0,7.0,144,665.2857142857143,692.8333333333334,2078.5,0.0,0.0,0.0,410.0,0.0,3024000.0,0.02,3.0,Healthy Active User,Finance,Unknown Merchant,Surging in Finance
USR718AA,21.06,13.02,17.04,False,False,False,Normal,1.0,1.0,2.0,2.0,24,5850.0,5850.0,5850.0,0.0,0.0,0.0,43200.0,0.0,4406400.0,0.04,1.0,Single-Tasker,Finance,Unknown Merchant,Surging in Finance
USR779vk,12.19,12.82,12.5,False,False,False,Normal,0.0,0.0,0.0,0.0,0,0.0,0.0,0.0,0.0,0.0,0.0,320.76,,0.0,0.0,0.0,Low Activity/Trial,,,No Data
USR738SY,12.9,3.3,8.1,False,False,False,Normal,0.0,0.0,0.0,0.0,0,0.0,0.0,0.0,0.0,0.0,0.0,23631.9805,,0.0,0.0,0.0,Low Activity/Trial,,,No Data
USR722lH,18.6,0.24,9.42,False,False,False,Normal,0.0,0.0,0.0,0.0,0,0.0,0.0,0.0,0.0,0.0,0.0,65262.0,,0.0,0.0,0.0,Low Activity/Trial,,,No Data
USR525Mo,16.88,0.24,8.56,False,False,False,Normal,0.0,0.0,0.0,0.0,0,0.0,0.0,0.0,0.0,0.0,0.0,56302.06,,0.0,0.0,0.0,Low Activity/Trial,,,No Data
USR664JN,9.1,0.24,4.67,False,False,False,Normal,0.0,0.0,0.0,0.0,0,0.0,0.0,0.0,0.0,0.0,0.0,6009.0,,0.0,0.0,0.0,Low Activity/Trial,,,No Data
USR281jP,11.05,17.4,14.23,False,False,False,Normal,0.0,0.0,0.0,0.0,0,0.0,0.0,0.0,0.0,0.0,0.0,12060.0,,0.0,0.0,0.0,Low Activity/Trial,,,No Data
USR143dp,9.18,0.24,4.71,False,False,False,Normal,0.0,0.0,0.0,0.0,0,0.0,0.0,0.0,0.0,0.0,0.0,5020.0,,0.0,0.0,0.0,Low Activity/Trial,,,No Data
USR101Wd,34.92,11.57,23.25,False,False,False,Normal,1.0,1.0,7.0,7.0,145,-41.87714285714286,-62.70041379310344,89.4,-480.0,0.0,-12000.0,110.0,0.0,2073600.0,0.03,5.0,Single-Tasker,Transportation,United Airlines,Surging in Transportation
USR926eP,12.14,0.24,6.19,False,False,False,Normal,1.0,1.0,3.0,3.0,49,5.5200000000000005,10.091836734693878,25.0,-4.22,-4.22,-105.5,210.0,0.0,2160000.0,0.02,1.0,Single-Tasker,Finance,Unknown Merchant,Surging in Finance
USR671AL,5.84,0.24,3.04,False,False,False,Normal,1.0,1.0,2.0,2.0,24,1000.0,1000.0,1000.0,0.0,0.0,0.0,1000.0,0.0,4406400.0,0.04,1.0,Single-Tasker,Finance,Unknown Merchant,Surging in Finance
USR032gM,18.62,5.59,12.11,False,False,False,Normal,1.0,5.0,7.0,7.0,144,665.2857142857143,692.8333333333334,2078.5,0.0,0.0,0.0,410.0,0.0,3024000.0,0.02,3.0,Healthy Active User,Finance,Unknown Merchant,Surging in Finance
USR510PJ,21.06,13.02,17.04,False,False,False,Normal,1.0,1.0,2.0,2.0,24,5850.0,5850.0,5850.0,0.0,0.0,0.0,43200.0,0.0,4406400.0,0.04,1.0,Single-Tasker,Finance,Unknown Merchant,Surging in Finance
USR681MW,12.19,12.82,12.5,False,False,False,Normal,0.0,0.0,0.0,0.0,0,0.0,0.0,0.0,0.0,0.0,0.0,320.76,,0.0,0.0,0.0,Low Activity/Trial,,,No Data
USR550Li,12.9,3.3,8.1,False,False,False,Normal,0.0,0.0,0.0,0.0,0,0.0,0.0,0.0,0.0,0.0,0.0,23631.9805,,0.0,0.0,0.0,Low Activity/Trial,,,No Data
USR313wr,18.6,0.24,9.42,False,False,False,Normal,0.0,0.0,0.0,0.0,0,0.0,0.0,0.0,0.0,0.0,0.0,65262.0,,0.0,0.0,0.0,Low Activity/Trial,,,No Data
USR103Aa,16.88,0.24,8.56,False,False,False,Normal,0.0,0.0,0.0,0.0,0,0.0,0.0,0.0,0.0,0.0,0.0,56302.06,,0.0,0.0,0.0,Low Activity/Trial,,,No Data
USR905Io,9.1,0.24,4.67,False,False,False,Normal,0.0,0.0,0.0,0.0,0,0.0,0.0,0.0,0.0,0.0,0.0,6009.0,,0.0,0.0,0.0,Low Activity/Trial,,,No Data
USR803MW,11.05,17.4,14.23,False,False,False,Normal,0.0,0.0,0.0,0.0,0,0.0,0.0,0.0,0.0,0.0,0.0,12060.0,,0.0,0.0,0.0,Low Activity/Trial,,,No Data
USR739hH,9.18,0.24,4.71,False,False,False,Normal,0.0,0.0,0.0,0.0,0,0.0,0.0,0.0,0.0,0.0,0.0,5020.0,,0.0,0.0,0.0,Low Activity/Trial,,,No Data
USR888gq,33.4,11.58,22.49,False,False,False,Normal,1.0,1.0,7.0,7.0,145,-41.87714285714286,-62.70041379310344,89.4,-480.0,0.0,-12000.0,110.0,0.0,2073600.0,0.04,6.0,Single-Tasker,Transportation,United Airlines,Surging in Transportation
USR594QR,12.14,0.24,6.19,False,False,False,Normal,1.0,1.0,3.0,3.0,49,5.5200000000000005,10.091836734693878,25.0,-4.22,-4.22,-105.5,210.0,0.0,2160000.0,0.02,1.0,Single-Tasker,Finance,Unknown Merchant,Surging in Finance
USR724hb,5.84,0.24,3.04,False,False,False,Normal,1.0,1.0,2.0,2.0,24,1000.0,1000.0,1000.0,0.0,0.0,0.0,1000.0,0.0,4406400.0,0.04,1.0,Single-Tasker,Finance,Unknown Merchant,Surging in Finance
USR298fI,18.62,5.59,12.11,False,False,False,Normal,1.0,5.0,7.0,7.0,144,665.2857142857143,692.8333333333334,2078.5,0.0,0.0,0.0,410.0,0.0,3024000.0,0.02,3.0,Healthy Active User,Finance,Unknown Merchant,Surging in Finance
USR365gu,21.06,13.02,17.04,False,False,False,Normal,1.0,1.0,2.0,2.0,24,5850.0,5850.0,5850.0,0.0,0.0,0.0,43200.0,0.0,4406400.0,0.04,1.0,Single-Tasker,Finance,Unknown Merchant,Surging in Finance
USR896rm,12.19,12.82,12.5,False,False,False,Normal,0.0,0.0,0.0,0.0,0,0.0,0.0,0.0,0.0,0.0,0.0,320.76,,0.0,0.0,0.0,Low Activity/Trial,,,No Data
USR577jk,12.9,3.3,8.1,False,False,False,Normal,0.0,0.0,0.0,0.0,0,0.0,0.0,0.0,0.0,0.0,0.0,23631.9805,,0.0,0.0,0.0,Low Activity/Trial,,,No Data
USR331cF,18.6,0.24,9.42,False,False,False,Normal,0.0,0.0,0.0,0.0,0,0.0,0.0,0.0,0.0,0.0,0.0,65262.0,,0.0,0.0,0.0,Low Activity/Trial,,,No Data
USR163SC,16.88,0.24,8.56,False,False,False,Normal,0.0,0.0,0.0,0.0,0,0.0,0.0,0.0,0.0,0.0,0.0,56302.06,,0.0,0.0,0.0,Low Activity/Trial,,,No Data
USR899td,9.1,0.24,4.67,False,False,False,Normal,0.0,0.0,0.0,0.0,0,0.0,0.0,0.0,0.0,0.0,0.0,6009.0,,0.0,0.0,0.0,Low Activity/Trial,,,No Data
USR465ID,11.05,17.4,14.23,False,False,False,Normal,0.0,0.0,0.0,0.0,0,0.0,0.0,0.0,0.0,0.0,0.0,12060.0,,0.0,0.0,0.0,Low Activity/Trial,,,No Data
USR783VD,9.18,0.24,4.71,False,False,False,Normal,0.0,0.0,0.0,0.0,0,0.0,0.0,0.0,0.0,0.0,0.0,5020.0,,0.0,0.0,0.0,Low Activity/Trial,,,No Data
USR174bk,33.4,11.58,22.49,False,False,False,Normal,1.0,1.0,7.0,7.0,145,-41.87714285714286,-62.70041379310344,89.4,-480.0,0.0,-12000.0,110.0,0.0,2073600.0,0.04,6.0,Single-Tasker,Transportation,United Airlines,Surging in Transportation
USR673Ud,12.14,0.24,6.19,False,False,False,Normal,1.0,1.0,3.0,3.0,49,5.5200000000000005,10.091836734693878,25.0,-4.22,-4.22,-105.5,210.0,0.0,2160000.0,0.02,1.0,Single-Tasker,Finance,Unknown Merchant,Surging in Finance
USR554bC,5.84,0.24,3.04,False,False,False,Normal,1.0,1.0,2.0,2.0,24,1000.0,1000.0,1000.0,0.0,0.0,0.0,1000.0,0.0,4406400.0,0.04,1.0,Single-Tasker,Finance,Unknown Merchant,Surging in Finance
USR530Nq,18.62,5.59,12.11,False,False,False,Normal,1.0,5.0,7.0,7.0,144,665.2857142857143,692.8333333333334,2078.5,0.0,0.0,0.0,410.0,0.0,3024000.0,0.02,3.0,Healthy Active User,Finance,Unknown Merchant,Surging in Finance
USR451il,21.06,13.02,17.04,False,False,False,Normal,1.0,1.0,2.0,2.0,24,5850.0,5850.0,5850.0,0.0,0.0,0.0,43200.0,0.0,4406400.0,0.04,1.0,Single-Tasker,Finance,Unknown Merchant,Surging in Finance
USR974tj,12.19,12.82,12.5,False,False,False,Normal,0.0,0.0,0.0,0.0,0,0.0,0.0,0.0,0.0,0.0,0.0,320.76,,0.0,0.0,0.0,Low Activity/Trial,,,No Data
USR058Df,12.9,3.3,8.1,False,False,False,Normal,0.0,0.0,0.0,0.0,0,0.0,0.0,0.0,0.0,0.0,0.0,23631.9805,,0.0,0.0,0.0,Low Activity/Trial,,,No Data
USR971rW,18.6,0.24,9.42,False,False,False,Normal,0.0,0.0,0.0,0.0,0,0.0,0.0,0.0,0.0,0.0,0.0,65262.0,,0.0,0.0,0.0,Low Activity/Trial,,,No Data
USR853pE,16.88,0.24,8.56,False,False,False,Normal,0.0,0.0,0.0,0.0,0,0.0,0.0,0.0,0.0,0.0,0.0,56302.06,,0.0,0.0,0.0,Low Activity/Trial,,,No Data
USR530od,9.1,0.24,4.67,False,False,False,Normal,0.0,0.0,0.0,0.0,0,0.0,0.0,0.0,0.0,0.0,0.0,6009.0,,0.0,0.0,0.0,Low Activity/Trial,,,No Data
USR797BB,11.05,17.4,14.23,False,False,False,Normal,0.0,0.0,0.0,0.0,0,0.0,0.0,0.0,0.0,0.0,0.0,12060.0,,0.0,0.0,0.0,Low Activity/Trial,,,No Data
USR525OW,9.18,0.24,4.71,False,False,False,Normal,0.0,0.0,0.0,0.0,0,0.0,0.0,0.0,0.0,0.0,0.0,5020.0,,0.0,0.0,0.0,Low Activity/Trial,,,No Data
USR017aL,33.4,11.58,22.49,False,False,False,Normal,1.0,1.0,7.0,7.0,145,-41.87714285714286,-62.70041379310344,89.4,-480.0,0.0,-12000.0,110.0,0.0,2073600.0,0.04,6.0,Single-Tasker,Transportation,United Airlines,Surging in Transportation
USR087Jg,12.14,0.24,6.19,False,False,False,Normal,1.0,1.0,3.0,3.0,49,5.5200000000000005,10.091836734693878,25.0,-4.22,-4.22,-105.5,210.0,0.0,2160000.0,0.02,1.0,Single-Tasker,Finance,Unknown Merchant,Surging in Finance
USR116fM,5.84,0.24,3.04,False,False,False,Normal,1.0,1.0,2.0,2.0,24,1000.0,1000.0,1000.0,0.0,0.0,0.0,1000.0,0.0,4406400.0,0.04,1.0,Single-Tasker,Finance,Unknown Merchant,Surging in Finance
USR104pB,18.62,5.59,12.11,False,False,False,Normal,1.0,5.0,7.0,7.0,144,665.2857142857143,692.8333333333334,2078.5,0.0,0.0,0.0,410.0,0.0,3024000.0,0.02,3.0,Healthy Active User,Finance,Unknown Merchant,Surging in Finance
USR799Rk,21.06,13.02,17.04,False,False,False,Normal,1.0,1.0,2.0,2.0,24,5850.0,5850.0,5850.0,0.0,0.0,0.0,43200.0,0.0,4406400.0,0.04,1.0,Single-Tasker,Finance,Unknown Merchant,Surging in Finance
USR278dn,12.19,12.82,12.5,False,False,False,Normal,0.0,0.0,0.0,0.0,0,0.0,0.0,0.0,0.0,0.0,0.0,320.76,,0.0,0.0,0.0,Low Activity/Trial,,,No Data
USR239qk,12.9,3.3,8.1,False,False,False,Normal,0.0,0.0,0.0,0.0,0,0.0,0.0,0.0,0.0,0.0,0.0,23631.9805,,0.0,0.0,0.0,Low Activity/Trial,,,No Data
USR556Wi,18.6,0.24,9.42,False,False,False,Normal,0.0,0.0,0.0,0.0,0,0.0,0.0,0.0,0.0,0.0,0.0,65262.0,,0.0,0.0,0.0,Low Activity/Trial,,,No Data
USR872Ih,16.88,0.24,8.56,False,False,False,Normal,0.0,0.0,0.0,0.0,0,0.0,0.0,0.0,0.0,0.0,0.0,56302.06,,0.0,0.0,0.0,Low Activity/Trial,,,No Data
USR679Eq,9.1,0.24,4.67,False,False,False,Normal,0.0,0.0,0.0,0.0,0,0.0,0.0,0.0,0.0,0.0,0.0,6009.0,,0.0,0.0,0.0,Low Activity/Trial,,,No Data
USR163rM,11.05,17.4,14.23,False,False,False,Normal,0.0,0.0,0.0,0.0,0,0.0,0.0,0.0,0.0,0.0,0.0,12060.0,,0.0,0.0,0.0,Low Activity/Trial,,,No Data
USR857OT,9.18,0.24,4.71,False,False,False,Normal,0.0,0.0,0.0,0.0,0,0.0,0.0,0.0,0.0,0.0,0.0,5020.0,,0.0,0.0,0.0,Low Activity/Trial,,,No Data
USR398Px,87.75,16.19,51.97,True,False,False,Normal,3.0,5.0,45.0,45.0,1798,0.950444444444444,-11.31976640711902,400.0,-1009.688,-9.99,-25242.2,3325.67,0.0,0.0,0.25,451.0,Healthy Active User,Shopping,ATM TRALEE   B,Surging in Finance
USR149Et,98.53,8.55,53.54,True,False,False,Normal,8.0,26.0,58.0,58.0,708,-33.67120689655172,-7.1894067796610175,457.85,-1013.3576923076924,-115.0,-13173.65,5937.15,0.0,31881600.0,0.3,209.0,High-Intensity User,Shopping,ATM CASTLE ST 2,Surging in Shopping
USR342cz,94.43,11.38,52.9,True,False,False,Normal,8.0,20.0,66.0,66.0,800,-4.434393939393939,-15.467,500.0,-1408.576153846154,-31.8,-18311.49,6396.63,0.0,432000.0,0.35,278.0,High-Intensity User,Shopping,ATM CASTLE ST 1,Surging in Finance
USR739UP,100.0,14.65,57.32,True,False,False,Normal,2.0,30.0,56.0,56.0,2935,-0.6044642857142867,0.0063373083475298,3154.75,-2334.14,-1.0,-65355.92,1556.0,0.0,172800.0,0.1,279.0,High-Intensity User,Personal Hygiene,Google Pay top-up by *8806,Surging in Finance
USR354Rs,64.26,19.2,41.73,True,True,True,Medium,3.0,3.0,3.0,3.0,3,1016.6666666666666,1016.6666666666666,3000.0,-50.0,-50.0,-50.0,4050.0,0.0,66096000.0,1.0,3.0,Healthy Active User,Other,Transaction 3,Surging in Other
USR698Qr,41.12,7.83,24.47,False,False,False,Normal,2.0,11.0,44.0,44.0,98,2.0306818181818227,-0.3388775510204059,1887.03,-954.6075,-17.99,-3818.43,4549.34,0.0,345600.0,0.34,33.0,Low Activity/Trial,Other,Palk,Surging in Shopping
USR992ZI,22.28,1.29,11.79,False,False,False,Normal,1.0,1.0,2.0,2.0,2,200.0,200.0,200.0,0.0,0.0,0.0,13000.0,0.0,2246400.0,1.0,2.0,Single-Tasker,Other,Saastud Ülekanne,Surging in Other
USR352pI,11.62,10.18,10.9,False,False,False,Normal,1.0,1.0,2.0,2.0,2,200.0,200.0,200.0,0.0,0.0,0.0,13000.03,0.0,2246400.0,0.5,1.0,Single-Tasker,Other,Ubertrag,Surging in Other
USR227ai,37.58,8.06,22.82,False,False,False,Normal,2.0,12.0,46.0,46.0,98,-0.3215217391304364,-1.673877551020411,1887.03,-987.315,-17.99,-3949.26,1663.78,0.0,345600.0,0.32,31.0,Low Activity/Trial,Finance,Salary,Surging in Groceries
USR086qQ,11.62,10.18,10.9,False,False,False,Normal,1.0,1.0,2.0,2.0,2,200.0,200.0,200.0,0.0,0.0,0.0,13000.0,0.0,2246400.0,0.5,1.0,Single-Tasker,Other,Virement,Surging in Other
USR592MJ,42.89,8.13,25.51,True,False,False,Normal,2.0,12.0,47.0,47.0,98,-1.0561702127659571,-2.082244897959185,1887.03,-997.32,-3.79,-3989.28,1929.03,0.0,345600.0,0.34,33.0,Low Activity/Trial,Other,Salaire,Surging in Shopping
USR163vx,60.5,21.79,41.14,True,True,True,Medium,1.0,1.0,1.0,1.0,1,-256.67,-256.67,-256.67,-256.67,-256.67,-256.67,100.02,0.0,1209600.0,1.0,1.0,Single-Tasker,Other,Example 1,Surging in Other
USR970wx,49.15,100.0,74.58,True,True,True,High,0.0,0.0,0.0,0.0,0,0.0,0.0,0.0,0.0,0.0,0.0,250000.0,,0.0,0.0,0.0,Low Activity/Trial,,,No Data
USR000Ux,42.13,4.52,23.33,True,False,False,Normal,1.0,1.0,2.0,2.0,2,2000.0,2000.0,2000.0,0.0,0.0,0.0,130837.0,0.0,2246400.0,1.0,2.0,Single-Tasker,Other,Overforing,Surging in Other
USR149vb,96.31,11.95,54.13,True,False,False,Normal,2.0,12.0,46.0,46.0,98,-4.832608695652191,-19.01632653061227,18870.3,-9901.05,-217.1,-39604.2,227083.2,0.0,345600.0,0.37,36.0,Low Activity/Trial,Other,Lon,Surging in Entertainment
USR208yg,38.19,8.06,23.13,False,False,False,Normal,2.0,12.0,46.0,46.0,98,-0.3215217391304364,-1.6412244897959187,1887.03,-986.515,-17.99,-3946.06,1172.78,0.0,345600.0,0.32,31.0,Low Activity/Trial,Finance,Salary,Surging in Shopping
USR463UE,11.62,10.18,10.9,False,False,False,Normal,1.0,1.0,2.0,2.0,2,200.0,200.0,200.0,0.0,0.0,0.0,13000.0,0.0,2246400.0,0.5,1.0,Single-Tasker,Shopping,Tilisiirto,Surging in Shopping
USR980UY,34.12,30.11,32.12,False,True,False,Normal,1.0,2.0,6.0,6.0,100,533.4416666666667,608.3853,3210.0,-7.972105263157895,-3.74,-151.47,80255.52,0.0,432000.0,0.02,2.0,Consistent Weekly,Finance,Salary,Surging in Food and Dining
USR673YB,11.62,10.18,10.9,False,False,False,Normal,1.0,1.0,2.0,2.0,2,200.0,200.0,200.0,0.0,0.0,0.0,13000.0,0.0,2246400.0,0.5,1.0,Single-Tasker,Finance,Savings Transfer,Surging in Finance
USR829qO,39.24,8.09,23.66,False,False,False,Normal,2.0,12.0,46.0,46.0,98,-0.5345652173913136,-1.9618367346938763,1887.03,-991.58,-21.71,-3966.32,2321.2000000000003,0.0,345600.0,0.32,31.0,Low Activity/Trial,Finance,Salary,Surging in Housing and Utilities
USR989QU,13.34,10.21,11.78,False,False,False,Normal,1.0,1.0,2.0,2.0,2,230.0,230.0,230.0,0.0,0.0,0.0,14950.0,0.0,2246400.0,0.5,1.0,Single-Tasker,Other,Krajumu Parskaitijums,Surging in Other
USR844Xx,42.21,7.82,25.02,True,False,False,Normal,2.0,11.0,44.0,44.0,98,2.157499999999994,-0.6911224489795946,2111.95,-1076.035,-20.15,-4304.14,4761.33,0.0,345600.0,0.31,30.0,Low Activity/Trial,Other,Alga,Surging in Entertainment
USR338ns,11.62,10.18,10.9,False,False,False,Normal,1.0,1.0,2.0,2.0,2,200.0,200.0,200.0,0.0,0.0,0.0,13000.0,0.0,2246400.0,0.5,1.0,Single-Tasker,Other,Virement,Surging in Other
USR526MW,41.79,6.65,24.22,False,False,False,Normal,2.0,12.0,46.0,46.0,98,-0.3215217391304313,-1.6738775510204067,1887.03,-987.315,-17.99,-3949.26,356.22,0.0,345600.0,0.37,36.0,Low Activity/Trial,Other,Salaire,Surging in Entertainment
USR667ih,80.83,12.41,46.62,True,False,False,Normal,2.0,12.0,46.0,46.0,98,-3.2152173913043645,-16.73877551020411,18870.3,-9873.15,-179.9,-39492.6,16537.8,0.0,345600.0,0.37,36.0,Low Activity/Trial,Other,Lon-Udbetaling,Surging in Entertainment
USR310Mk,41.96,4.47,23.22,False,False,False,Normal,1.0,1.0,2.0,2.0,2,2000.0,2000.0,2000.0,0.0,0.0,0.0,130000.0,0.0,2246400.0,1.0,2.0,Single-Tasker,Other,Overforsel,Surging in Other
USR235aH,46.62,90.17,68.4,True,True,True,High,1.0,1.0,1.0,1.0,26,5000.0,4663.461538461538,5000.0,0.0,0.0,0.0,221250.0,0.0,345600.0,0.15,4.0,Single-Tasker,Finance,Amazon Salary,Surging in Finance
USR218kF,29.29,13.02,21.16,False,False,False,Normal,1.0,2.0,5.0,5.0,53,-5.0,-0.5094339622641509,100.0,-21.818181818181817,-20.0,-240.0,4973.0,0.0,29808000.0,0.09,5.0,Consistent Weekly,Transportation,Uber,Surging in Transportation
USR900TT,13.34,10.21,11.78,False,False,False,Normal,1.0,1.0,2.0,2.0,2,230.0,230.0,230.0,0.0,0.0,0.0,14950.0,0.0,2246400.0,0.5,1.0,Single-Tasker,Other,Spaarrekening Overboeking,Surging in Other
USR978oc,43.99,7.79,25.89,True,False,False,Normal,2.0,11.0,44.0,44.0,98,2.102954545454548,-0.5092857142857189,2111.95,-1071.5800000000002,-20.15,-4286.320000000001,4605.33,0.0,345600.0,0.29,28.0,Low Activity/Trial,Other,Salaris,Surging in Entertainment
USR841fP,12.87,10.2,11.54,False,False,False,Normal,1.0,1.0,2.0,2.0,2,200.0,200.0,200.0,0.0,0.0,0.0,14350.74,0.0,2246400.0,0.5,1.0,Single-Tasker,Other,Giroconto,Surging in Other
USR526Ci,37.86,8.08,22.97,False,False,False,Normal,2.0,12.0,46.0,46.0,98,-0.3215217391304364,-1.641224489795921,1887.03,-986.515,-17.99,-3946.06,1813.76,0.0,345600.0,0.33,32.0,Low Activity/Trial,Shopping,Stipendio,Surging in Entertainment
USR257qy,39.38,8.12,23.75,False,False,False,Normal,2.0,12.0,46.0,46.0,98,-0.3215217391304314,-1.6738775510204091,1887.03,-987.315,-17.99,-3949.26,3024.46,0.0,345600.0,0.35,34.0,Low Activity/Trial,Other,Nomina,Surging in Shopping
USR748ZE,12.13,10.18,11.16,False,False,False,Normal,1.0,1.0,2.0,2.0,2,200.0,200.0,200.0,0.0,0.0,0.0,13078.0,0.0,2246400.0,0.5,1.0,Single-Tasker,Finance,Transferencia,Surging in Finance
USR755DK,13.34,10.21,11.78,False,False,False,Normal,1.0,1.0,2.0,2.0,2,230.0,230.0,230.0,0.0,0.0,0.0,14950.0,0.0,2246400.0,0.5,1.0,Single-Tasker,Other,Taupymo Pervedimas,Surging in Other
USR495mL,41.98,7.84,24.91,False,False,False,Normal,2.0,11.0,44.0,44.0,98,2.1574999999999886,-0.4841836734693904,2111.95,-1070.965,-20.15,-4283.86,4761.33,0.0,345600.0,0.32,31.0,Low Activity/Trial,Other,Atlyginimas,Surging in Groceries
USR170FQ,32.28,2.26,17.27,False,False,False,Normal,1.0,1.0,2.0,2.0,2,1000.0,1000.0,1000.0,0.0,0.0,0.0,65000.0,0.0,2246400.0,1.0,2.0,Single-Tasker,Other,Przelew Na Konto Oszczednosciowe,Surging in Other
USR614yH,69.34,5.27,37.31,True,False,False,Normal,2.0,11.0,43.0,43.0,98,14.507906976744176,-0.7769387755102026,9467.02,-4766.547500000001,-90.28,-19066.19,34234.89,0.0,345600.0,0.32,31.0,Low Activity/Trial,Other,Wynagrodzenie,Surging in Groceries
USR885po,11.62,10.18,10.9,False,False,False,Normal,1.0,1.0,2.0,2.0,2,200.0,200.0,200.0,0.0,0.0,0.0,13000.0,0.0,2246400.0,0.5,1.0,Single-Tasker,Finance,Savings Transfer,Surging in Finance
USR733gw,41.99,7.75,24.87,False,False,False,Normal,2.0,11.0,44.0,44.0,98,2.0306818181818174,-0.3388775510204086,1887.03,-954.6075,-17.99,-3818.43,2105.34,0.0,345600.0,0.3,29.0,Low Activity/Trial,Finance,Salary,Surging in Groceries
USR329uU,82.02,12.52,47.27,True,False,False,Normal,2.0,12.0,46.0,46.0,98,18.523913043478245,5.863265306122513,19870.300000000003,-9819.4,-119.7,-39277.6,48472.2,0.0,345600.0,0.33,32.0,Low Activity/Trial,Other,Lonnsbetaling,Surging in Entertainment
USR747HD,35.67,57.73,46.7,False,True,False,Normal,1.0,1.0,2.0,2.0,2,2000.0,2000.0,2000.0,0.0,0.0,0.0,130000.0,0.0,2246400.0,0.5,1.0,Single-Tasker,Other,Overforing,Surging in Other
USR831lM,22.28,1.29,11.79,False,False,False,Normal,1.0,1.0,2.0,2.0,2,200.0,200.0,200.0,0.0,0.0,0.0,13000.0,0.0,2246400.0,1.0,2.0,Single-Tasker,Finance,Transferencia,Surging in Finance
USR493ow,42.75,7.78,25.27,True,False,False,Normal,2.0,11.0,43.0,43.0,98,1.7483720930232574,-2.078061224489796,1887.03,-997.2175,-17.99,-3988.87,3544.05,0.0,345600.0,0.35,34.0,Low Activity/Trial,Other,Salario,Surging in Finance
