user_id,forecast_month,segment,n_months_history,spend_forecast,spend_lower,spend_upper,spend_method,spend_direction,spend_pct_change_vs_hist,spend_vs_last_month_pct,count_forecast,count_lower,count_upper,count_method,avg_amount_forecast,hist_avg_spend,hist_avg_count,last_month_spend,last_month_count,confidence,cat1_name,cat1_forecast,cat1_hist_avg,cat2_name,cat2_forecast,cat2_hist_avg,cat3_name,cat3_forecast,cat3_hist_avg
USR000Ux,2025-11,Single-Tasker,2,2000.0,1600.0,2400.0,wma,stable,0.0,0.0,1,1,1,wma,2000.0,2000.0,1.0,2000.0,1,low,Other,2000.0,2000.0,,,,,,
USR001YL,2025-02,Consistent Weekly,22,12843.18,0.0,70284.56,prophet,increasing,31.4,1011.6,2,1,4,prophet,6421.59,9775.01,2.5,1155.38,1,high,Shopping,136765.56,102601.68,Gifts,761.0,377.74,Fitness,490.57,417.43
USR001ul,2025-11,Single-Tasker,25,25.25,19.48,31.29,prophet,decreasing,-10.5,498.3,2,2,2,prophet,12.62,28.22,2.0,4.22,1,high,Finance,16.72,28.22,,,,,,
USR002SI,2025-11,Healthy Active User,25,3980.95,2444.22,5644.02,prophet,stable,-0.2,696.2,6,4,8,prophet,663.49,3990.72,5.8,500.0,1,high,Finance,2578.5,2690.61,Fitness,578.5,578.5,Food and Dining,500.0,521.74
USR006To,2025-11,Healthy Active User,2,1542.83,1234.27,1851.4,wma,decreasing,-25.3,208.6,3,2,3,wma,514.28,2064.25,3.5,500.0,1,low,Finance,2103.5,2103.5,Transportation,500.0,500.0,Shopping,525.0,525.0
USR007mU,2025-01,Single-Tasker,21,1213.59,0.0,2689.28,prophet,increasing,58.4,31920.8,3,1,5,prophet,404.53,766.13,2.9,3.79,1,high,Housing and Utilities,1356.19,1849.53,Shopping,1655.41,1273.54,Medical/Dental,350.0,388.04
USR009qR,2025-02,Single-Tasker,24,435.75,0.0,2495.43,prophet,decreasing,-53.3,2109.7,2,1,4,prophet,217.88,933.42,2.2,19.72,1,high,Housing and Utilities,1013.69,1552.35,Shopping,1542.8,1872.67,Medical/Dental,708.91,410.54
USR013pA,2025-01,Single-Tasker,23,0.0,0.0,40518.28,prophet,decreasing,-100.0,-100.0,3,2,5,prophet,0.0,13361.75,2.5,529.33,3,high,Shopping,37002.76,59386.9,Travel,923.29,614.15,Fitness,490.69,428.66
USR017aL,2025-11,Single-Tasker,25,534.4,416.52,663.45,prophet,decreasing,-10.4,497.8,5,4,7,prophet,106.88,596.34,5.8,89.4,1,high,Transportation,512.78,511.73,Groceries,89.4,89.4,Food and Dining,16.33,16.33
USR024KD,2025-11,Single-Tasker,1,541.95,433.56,650.34,segment_median,increasing,12742.4,12742.4,1,1,1,wma,541.95,4.22,1.0,4.22,1,low,Finance,4.22,4.22,,,,,,
USR031uI,2025-02,Consistent Weekly,22,9664.54,0.0,26022.92,prophet,increasing,185.4,78155.4,2,1,4,prophet,4832.27,3386.83,2.5,12.35,1,high,Shopping,30971.11,15990.61,Personal Hygiene,1154.4,420.14,Housing and Utilities,1154.87,796.51
USR032gM,2025-11,Healthy Active User,25,3980.95,2376.3,5630.5,prophet,stable,-0.2,696.2,6,4,7,prophet,663.49,3990.72,5.8,500.0,1,high,Finance,2578.5,2690.61,Fitness,578.5,578.5,Food and Dining,500.0,521.74
USR040Ko,2025-02,Single-Tasker,20,913.63,0.0,2213.56,prophet,increasing,13.8,6993.4,2,0,3,prophet,456.81,803.03,2.1,12.88,1,high,Shopping,2261.45,1541.92,Housing and Utilities,858.31,1188.0,Fitness,577.82,398.66
USR051Ap,2025-11,Healthy Active User,25,3980.95,2404.75,5613.81,prophet,stable,-0.2,696.2,6,4,8,prophet,663.49,3990.72,5.8,500.0,1,high,Finance,2578.5,2690.61,Fitness,578.5,578.5,Food and Dining,500.0,521.74
USR053xd,2025-01,Consistent Weekly,22,388.36,0.0,1036.58,prophet,decreasing,-18.4,-28.2,2,1,3,prophet,194.18,475.85,2.1,540.69,2,high,Medical/Dental,205.19,326.99,Travel,135.58,420.04,Fitness,864.35,639.5
USR059hG,2025-02,Single-Tasker,17,177.13,0.0,1223.85,prophet,decreasing,-77.2,92.7,2,0,4,prophet,88.56,777.3,2.7,91.91,1,high,Shopping,740.76,1240.16,Gifts,1258.55,952.05,Friend Activities,108.14,273.54
USR062rU,2025-02,Consistent Weekly,25,379.95,0.0,1788.8,prophet,decreasing,-43.7,806.8,2,0,3,prophet,189.97,675.1,1.9,41.9,1,high,Housing and Utilities,2483.46,2276.21,Transportation,205.38,301.35,Travel,443.28,331.2
USR066Hw,2025-02,Consistent Weekly,25,0.0,0.0,57042.72,prophet,decreasing,-100.0,-100.0,2,1,4,prophet,0.0,10468.82,2.4,20.05,1,high,Shopping,1810.3,40519.1,Housing and Utilities,2938.99,2010.87,Medical/Dental,979.41,702.34
USR068Xr,2024-12,Single-Tasker,20,21399.99,0.0,121580.64,prophet,decreasing,-36.7,14379.0,2,0,3,prophet,10700.0,33817.34,2.2,147.8,1,high,Shopping,36820.86,110691.43,Personal Hygiene,938.26,1394.82,Housing and Utilities,2763.66,2763.66
USR074qk,2025-02,Single-Tasker,21,971.37,0.0,3092.39,prophet,stable,9.9,1789.5,2,0,3,prophet,485.69,883.52,1.8,51.41,1,high,Shopping,3615.68,3137.66,Medical/Dental,916.86,718.18,Gifts,178.34,201.56
USR082ip,2025-01,Consistent Weekly,20,6753.38,0.0,45961.89,prophet,decreasing,-36.0,14244.5,3,1,5,prophet,2251.13,10558.17,2.5,47.08,3,high,Shopping,24679.18,39242.43,Housing and Utilities,1598.55,2302.42,Gifts,397.55,402.65
USR086qQ,2025-11,Single-Tasker,2,200.0,160.0,240.0,wma,stable,0.0,0.0,1,1,1,wma,200.0,200.0,1.0,200.0,1,low,Other,200.0,200.0,,,,,,
USR087Jg,2025-11,Single-Tasker,25,25.25,19.41,31.29,prophet,decreasing,-10.5,498.3,2,2,2,prophet,12.62,28.22,2.0,4.22,1,high,Finance,16.72,28.22,,,,,,
USR100df,2025-01,Consistent Weekly,20,0.0,0.0,8953.44,prophet,decreasing,-100.0,-100.0,2,1,4,prophet,0.0,2293.28,2.5,420.38,3,high,Shopping,12752.09,12638.54,Travel,651.45,449.28,Housing and Utilities,326.91,529.48
USR101Ec,2025-10,Single-Tasker,24,5850.0,5850.0,5850.0,prophet,stable,0.0,0.0,1,1,1,prophet,5850.0,5850.0,1.0,5850.0,1,high,Finance,5850.0,5850.0,,,,,,
USR101Wd,2025-11,Single-Tasker,25,534.4,419.2,657.65,prophet,decreasing,-10.4,497.8,5,4,7,prophet,106.88,596.34,5.8,89.4,1,high,Transportation,512.78,511.73,Groceries,89.4,89.4,Food and Dining,16.33,16.33
USR102Ib,2025-02,Consistent Weekly,23,37035.27,0.0,123675.93,prophet,increasing,65.4,26197.9,2,1,4,prophet,18517.63,22397.16,2.1,140.83,2,high,Shopping,157570.23,85117.41,Gifts,562.45,533.06,Medical/Dental,267.92,282.14
USR103fp,2025-02,Healthy Active User,24,0.0,0.0,42808.04,prophet,decreasing,-100.0,-100.0,3,1,5,prophet,0.0,13582.43,2.2,48.56,2,high,Shopping,78258.65,104896.24,Housing and Utilities,992.11,834.05,Gifts,834.41,618.94
USR104NK,2025-01,Consistent Weekly,21,19645.05,0.0,60635.79,prophet,increasing,149.1,1288.0,2,0,4,prophet,9822.52,7885.01,2.6,1415.31,4,high,Shopping,49682.92,38553.88,Travel,303.2,393.27,Housing and Utilities,1436.35,1088.25
USR104pB,2025-11,Healthy Active User,25,3980.95,2413.9,5648.0,prophet,stable,-0.2,696.2,6,4,8,prophet,663.49,3990.72,5.8,500.0,1,high,Finance,2578.5,2690.61,Fitness,578.5,578.5,Food and Dining,500.0,521.74
USR116fM,2025-10,Single-Tasker,24,1000.0,1000.0,1000.0,prophet,stable,0.0,0.0,1,1,1,prophet,1000.0,1000.0,1.0,1000.0,1,high,Finance,1000.0,1000.0,,,,,,
USR129NG,2025-02,Single-Tasker,23,12128.06,0.0,49371.44,prophet,increasing,23.6,48219.0,2,0,3,prophet,6064.03,9809.31,2.2,25.1,1,high,Shopping,78487.1,53507.31,Transportation,283.31,635.25,Medical/Dental,409.03,471.75
USR138nO,2025-11,Healthy Active User,25,3980.95,2317.55,5586.35,prophet,stable,-0.2,696.2,6,4,8,prophet,663.49,3990.72,5.8,500.0,1,high,Finance,2578.5,2690.61,Fitness,578.5,578.5,Food and Dining,500.0,521.74
USR139BK,2025-01,Consistent Weekly,23,0.0,0.0,30465.73,prophet,decreasing,-100.0,-100.0,4,2,5,prophet,0.0,8830.46,2.5,5713.78,5,high,Shopping,29635.25,47290.72,Housing and Utilities,2462.74,894.04,Gifts,185.21,199.72
USR139QE,2025-02,Consistent Weekly,24,3112.41,0.0,7568.89,prophet,increasing,76.2,395.0,1,0,3,prophet,3112.41,1766.47,2.2,628.78,2,high,Shopping,12036.02,9082.84,Housing and Utilities,1633.09,2630.49,Gifts,1163.74,945.14
USR140si,2025-02,Single-Tasker,22,0.0,0.0,14078.35,prophet,decreasing,-100.0,-100.0,2,1,3,prophet,0.0,3020.48,1.9,7.99,1,high,Shopping,9955.35,19252.29,Medical/Dental,764.11,651.73,Fitness,780.31,593.75
USR146jK,2025-01,Single-Tasker,20,611.41,0.0,1894.07,prophet,stable,4.6,63.8,2,1,4,prophet,305.7,584.71,2.0,373.26,2,high,Shopping,2886.3,2247.25,Medical/Dental,262.34,480.18,Gifts,288.49,475.31
USR148zM,2025-02,Single-Tasker,22,1779.45,0.0,3884.59,prophet,increasing,33.1,256.6,2,0,4,prophet,889.73,1336.49,2.3,499.03,2,high,Housing and Utilities,3877.65,2571.93,Travel,862.45,797.85,Medical/Dental,555.74,561.97
USR149Et,2024-12,High-Intensity User,13,2190.6,1097.76,3238.03,prophet,increasing,34.0,1804.9,50,22,79,prophet,43.81,1635.17,54.5,115.0,3,high,Finance,178.47,784.97,Shopping,556.68,333.75,Other,329.64,161.27
USR149vb,2025-12,Low Activity/Trial,4,19117.45,0.0,39861.19,prophet,stable,-1.1,8705.8,24,0,49,prophet,796.56,19336.2,24.5,217.1,2,medium,Other,17506.03,17536.73,Shopping,1502.6,1554.8,Medical/Dental,1209.0,1255.5
USR151Xg,2025-01,Single-Tasker,20,2210.59,0.0,19814.74,prophet,decreasing,-53.9,-31.6,2,1,4,prophet,1105.3,4799.0,2.8,3232.44,2,high,Shopping,11636.41,17206.37,Housing and Utilities,2257.01,2955.06,Fitness,305.74,589.48
USR155Ld,2025-02,Consistent Weekly,22,19320.41,0.0,63601.74,prophet,increasing,97.6,19145.4,2,0,4,prophet,9660.2,9779.25,2.0,100.39,2,high,Shopping,49950.72,51953.41,Fitness,235.96,684.72,Medical/Dental,650.1,485.18
USR157Ok,2025-02,Single-Tasker,21,1966.4,0.0,18311.14,prophet,decreasing,-38.5,23998.0,2,0,4,prophet,983.2,3198.54,2.7,8.16,1,high,Shopping,19454.85,12071.72,Travel,404.65,331.09,Medical/Dental,277.31,292.84
USR162th,2025-01,Healthy Active User,21,7138.15,0.0,22563.56,prophet,increasing,131.7,336.2,3,2,5,prophet,2379.38,3081.27,2.4,1636.45,4,high,Shopping,55564.83,55564.83,Fitness,936.3,699.99,Friend Activities,559.87,493.93
USR163vx,2025-11,Single-Tasker,1,541.95,433.56,650.34,segment_median,increasing,111.1,111.1,1,1,1,wma,541.95,256.67,1.0,256.67,1,low,Other,256.67,256.67,,,,,,
USR165jr,2025-02,Single-Tasker,22,584.29,0.0,1508.96,prophet,stable,1.4,74.8,2,1,3,prophet,292.14,576.23,2.3,334.34,1,high,Shopping,877.46,797.23,Housing and Utilities,1513.91,1030.91,Fitness,177.78,357.04
USR169XO,2025-02,Single-Tasker,23,710.61,0.0,1567.19,prophet,increasing,61.6,12680.8,3,2,5,prophet,236.87,439.76,2.0,5.56,1,high,Shopping,405.37,866.97,Travel,544.71,402.6,Personal Hygiene,28.12,112.95
USR170FQ,2025-11,Single-Tasker,2,1000.0,800.0,1200.0,wma,stable,0.0,0.0,1,1,1,wma,1000.0,1000.0,1.0,1000.0,1,low,Other,1000.0,1000.0,,,,,,
USR174bk,2025-11,Single-Tasker,25,534.4,410.66,664.9,prophet,decreasing,-10.4,497.8,5,4,7,prophet,106.88,596.34,5.8,89.4,1,high,Transportation,512.78,511.73,Groceries,89.4,89.4,Food and Dining,16.33,16.33
USR197Mx,2025-01,Consistent Weekly,22,0.0,0.0,32056.62,prophet,decreasing,-100.0,-100.0,3,2,4,prophet,0.0,8831.11,2.4,497.13,2,high,Shopping,23900.82,29389.4,Housing and Utilities,2687.87,2617.21,Personal Hygiene,661.09,340.9
USR199CW,2025-02,Consistent Weekly,22,0.0,0.0,3755.76,prophet,decreasing,-100.0,-100.0,2,0,3,prophet,0.0,1815.29,2.5,401.82,2,high,Shopping,1774.72,4462.25,Gifts,834.28,795.98,Fitness,861.07,1021.95
USR200Qr,2025-02,Single-Tasker,22,33431.2,0.0,75384.49,prophet,increasing,168.0,3686.2,2,1,4,prophet,16715.6,12472.67,2.4,882.97,2,high,Shopping,65391.81,37345.64,Housing and Utilities,1384.77,683.04,Gifts,647.58,363.25
USR201Zu,2025-02,Consistent Weekly,20,1215.71,0.0,4006.0,prophet,stable,-9.6,19.4,3,1,4,prophet,405.24,1344.18,2.8,1017.88,2,high,Housing and Utilities,40.49,2008.3,Shopping,2538.89,1985.96,Travel,551.02,416.63
USR203qJ,2025-02,Single-Tasker,23,3771.98,0.0,15160.55,prophet,increasing,45.1,4871.6,2,1,4,prophet,1885.99,2600.04,2.7,75.87,1,high,Shopping,44761.29,44761.29,Housing and Utilities,91.19,1222.64,Travel,842.8,931.27
USR207DW,2025-02,Single-Tasker,24,7202.87,0.0,18316.95,prophet,increasing,176.7,821.0,2,1,4,prophet,3601.43,2602.8,2.7,782.06,1,high,Shopping,14660.25,6828.62,Personal Hygiene,863.6,881.12,Housing and Utilities,855.98,1253.56
USR208yg,2025-12,Low Activity/Trial,4,1913.3,0.0,4151.13,prophet,stable,-1.0,8713.0,24,0,49,prophet,79.72,1932.82,24.5,21.71,2,medium,Finance,1887.03,1887.03,Other,752.72,766.17,Shopping,253.78,253.78
USR215xz,2025-02,Single-Tasker,22,356.88,0.0,1949.23,prophet,decreasing,-70.3,2939.9,3,1,4,prophet,118.96,1200.48,2.3,11.74,1,high,Housing and Utilities,464.46,1935.4,Fitness,1419.51,1369.32,Shopping,821.03,1449.62
USR218kF,2024-12,Consistent Weekly,11,0.0,0.0,32.14,prophet,decreasing,-100.0,-100.0,4,3,4,prophet,0.0,41.18,4.8,20.0,4,high,Transportation,20.83,24.82,Shopping,56.67,67.5,Entertainment,25.0,25.0
USR223cE,2025-02,Single-Tasker,23,28231.88,0.0,72687.36,prophet,increasing,144.7,593006.7,3,1,5,prophet,9410.63,11535.88,2.4,4.76,1,high,Shopping,23823.6,49546.48,Housing and Utilities,1748.24,2586.93,Fitness,911.24,1126.23
USR227ai,2025-12,Low Activity/Trial,4,1911.74,0.0,4066.69,prophet,stable,-1.1,8705.8,24,0,51,prophet,79.66,1933.62,24.5,21.71,2,medium,Finance,1898.65,1898.24,Other,760.84,771.74,Transportation,138.23,142.88
USR235aH,2025-12,Single-Tasker,23,4485.24,3247.02,5635.12,prophet,decreasing,-14.9,-10.3,1,0,1,prophet,4485.24,5271.74,1.1,5000.0,1,high,Finance,5000.0,5000.0,Other,1416.67,2083.33,,,
USR240hY,2025-02,Consistent Weekly,20,9818.58,0.0,47064.89,prophet,increasing,24.8,1494.7,2,1,3,prophet,4909.29,7869.8,2.3,615.7,2,high,Shopping,45072.19,45081.68,Housing and Utilities,1356.34,2466.61,Travel,457.24,307.79
USR242VN,2025-02,Healthy Active User,22,11288.03,0.0,99421.48,prophet,decreasing,-24.9,1427.2,3,1,4,prophet,3762.68,15024.14,2.5,739.11,4,high,Shopping,159713.86,64096.63,Personal Hygiene,107.13,604.28,Housing and Utilities,388.33,432.92
USR244Uu,2025-01,Single-Tasker,19,1480.54,0.0,4660.99,prophet,decreasing,-11.9,17055.7,3,1,4,prophet,493.51,1681.03,2.7,8.63,1,high,Shopping,5146.25,3320.67,Housing and Utilities,119.62,1210.91,Personal Hygiene,1447.38,1462.49
USR247kd,2025-02,Single-Tasker,24,10504.22,0.0,30462.3,prophet,increasing,173.6,20042.3,2,1,3,prophet,5252.11,3839.75,2.3,52.15,1,high,Shopping,56320.9,42286.7,Gifts,239.1,396.83,Hobbies,181.72,188.38
USR249de,2025-02,Single-Tasker,23,217.57,0.0,1910.92,prophet,decreasing,-73.9,160.0,2,0,3,prophet,108.78,833.94,2.0,83.67,1,high,Housing and Utilities,1630.51,2333.47,Fitness,405.72,468.73,Personal Hygiene,174.73,144.35
USR253Hy,2025-02,Consistent Weekly,19,75.3,0.0,1149.84,prophet,decreasing,-91.0,-47.2,3,1,4,prophet,25.1,833.42,2.8,142.66,2,high,Housing and Utilities,1389.16,2008.93,Travel,446.74,450.43,Medical/Dental,482.93,418.13
USR257qy,2025-12,Low Activity/Trial,4,1911.74,0.0,4123.37,prophet,stable,-1.1,8705.8,24,0,50,prophet,79.66,1933.62,24.5,21.71,2,medium,Other,1306.76,1316.94,Shopping,744.96,744.96,Finance,200.0,200.0
USR258SD,2025-01,Healthy Active User,21,33946.48,0.0,74143.38,prophet,increasing,269.4,2485.5,2,1,4,prophet,16973.24,9189.08,2.2,1312.96,4,high,Shopping,85376.73,59450.84,Housing and Utilities,153.39,870.24,Travel,747.59,746.07
USR258us,2025-02,Single-Tasker,19,363.85,0.0,2100.68,prophet,decreasing,-57.5,434.4,2,0,3,prophet,181.93,856.12,2.3,68.09,1,high,Housing and Utilities,106.27,1506.54,Fitness,589.61,569.91,Travel,864.62,560.89
USR263pz,2025-11,Single-Tasker,25,25.25,19.03,31.15,prophet,decreasing,-10.5,498.3,2,2,2,prophet,12.62,28.22,2.0,4.22,1,high,Finance,16.72,28.22,,,,,,
USR264Ys,2025-11,Single-Tasker,25,534.4,408.0,672.81,prophet,decreasing,-10.4,497.8,5,4,7,prophet,106.88,596.34,5.8,89.4,1,high,Transportation,512.78,511.73,Groceries,89.4,89.4,Food and Dining,16.33,16.33
USR268Dy,2025-01,Single-Tasker,20,30126.23,0.0,82717.44,prophet,increasing,168.4,9439.1,2,1,3,prophet,15063.11,11224.69,2.4,315.82,1,high,Shopping,98722.46,52959.63,Housing and Utilities,2159.59,2162.22,Travel,95.75,217.47
USR270YP,2025-02,Single-Tasker,19,8110.53,0.0,99256.53,prophet,decreasing,-69.5,263.5,3,1,4,prophet,2703.51,26576.25,2.1,2231.46,3,high,Shopping,2918.0,82863.84,Medical/Dental,299.26,413.49,Fitness,490.87,542.75
USR271Yo,2024-12,Single-Tasker,17,1134.14,0.0,2766.96,prophet,increasing,24.3,297.8,3,2,4,prophet,378.05,912.4,2.6,285.07,2,high,Housing and Utilities,1696.59,1714.16,Gifts,1043.35,819.34,Shopping,228.13,273.12
USR271eY,2025-02,Single-Tasker,21,3612.76,0.0,82555.58,prophet,decreasing,-74.5,-51.7,3,1,5,prophet,1204.25,14183.36,2.4,7477.15,1,high,Shopping,49974.42,94749.0,Housing and Utilities,1268.56,1866.14,Gifts,480.15,667.53
USR272FG,2025-10,Single-Tasker,24,1000.0,1000.0,1000.0,prophet,stable,0.0,0.0,1,1,1,prophet,1000.0,1000.0,1.0,1000.0,1,high,Finance,1000.0,1000.0,,,,,,
USR272Ng,2025-01,Single-Tasker,20,5361.37,0.0,19787.68,prophet,increasing,47.5,8433.1,2,0,4,prophet,2680.68,3635.36,2.4,62.83,1,high,Shopping,25122.13,16850.68,Housing and Utilities,3169.58,3689.49,Gifts,490.6,672.07
USR273gg,2025-11,Single-Tasker,25,534.4,409.74,654.88,prophet,decreasing,-10.4,497.8,5,4,7,prophet,106.88,596.34,5.8,89.4,1,high,Transportation,512.78,511.73,Groceries,89.4,89.4,Food and Dining,16.33,16.33
USR279gH,2025-01,Single-Tasker,22,807.36,0.0,2093.97,prophet,increasing,21.6,872.4,2,1,4,prophet,403.68,663.84,2.1,83.03,2,high,Housing and Utilities,1453.26,1435.5,Personal Hygiene,82.89,550.64,Medical/Dental,456.69,520.4
USR291BJ,2025-01,Single-Tasker,20,50195.03,0.0,129942.03,prophet,increasing,70.3,60912.6,3,1,4,prophet,16731.68,29471.64,2.1,82.27,2,high,Shopping,112042.82,116380.11,Fitness,329.98,429.05,Travel,565.49,630.71
USR297tJ,2025-01,Single-Tasker,19,358.44,0.0,906.2,prophet,stable,-9.3,3336.6,3,1,4,prophet,119.48,394.99,2.4,10.43,1,high,Travel,490.92,673.25,Gifts,395.86,259.68,Shopping,414.49,371.87
USR298fI,2025-11,Healthy Active User,25,3980.95,2424.89,5602.3,prophet,stable,-0.2,696.2,6,4,8,prophet,663.49,3990.72,5.8,500.0,1,high,Finance,2578.5,2690.61,Fitness,578.5,578.5,Food and Dining,500.0,521.74
USR298ko,2025-01,Consistent Weekly,20,6260.03,0.0,41649.97,prophet,decreasing,-36.6,11005.3,2,1,3,prophet,3130.01,9868.73,2.1,56.37,2,high,Shopping,42130.07,31826.78,Travel,730.18,693.46,Medical/Dental,369.72,470.42
USR305BD,2025-10,Single-Tasker,24,1000.0,1000.0,1000.0,prophet,stable,0.0,0.0,1,1,1,prophet,1000.0,1000.0,1.0,1000.0,1,high,Finance,1000.0,1000.0,,,,,,
USR310Mk,2025-11,Single-Tasker,2,2000.0,1600.0,2400.0,wma,stable,0.0,0.0,1,1,1,wma,2000.0,2000.0,1.0,2000.0,1,low,Other,2000.0,2000.0,,,,,,
USR310Wm,2025-01,Consistent Weekly,22,12156.34,0.0,81670.12,prophet,stable,-6.2,972.2,2,1,4,prophet,6078.17,12954.58,2.5,1133.79,3,high,Shopping,46111.58,54859.18,Gifts,837.48,376.71,Friend Activities,344.87,300.93
USR313nW,2024-12,Single-Tasker,20,1713.6,702.5,2904.46,prophet,increasing,92.5,-19.8,3,1,4,prophet,571.2,890.4,2.6,2135.93,3,high,Personal Hygiene,1603.27,1011.71,Shopping,728.93,1224.25,Medical/Dental,322.64,351.62
USR317Xw,2025-02,Consistent Weekly,21,686.02,0.0,1349.7,prophet,increasing,12.6,606.1,2,1,3,prophet,343.01,609.14,2.2,97.16,3,high,Gifts,694.05,614.25,Medical/Dental,408.61,363.36,Travel,837.71,868.13
USR321bf,2025-01,Single-Tasker,20,448.73,0.0,2671.39,prophet,decreasing,-64.6,13.5,2,1,3,prophet,224.37,1268.68,1.9,395.24,1,high,Housing and Utilities,1669.46,2178.02,Shopping,1590.35,1231.09,Fitness,624.69,973.72
USR324Nf,2025-01,Single-Tasker,20,5087.8,0.0,35821.03,prophet,decreasing,-19.6,3715.9,2,0,3,prophet,2543.9,6324.58,2.4,133.33,4,high,Shopping,35856.32,35818.65,Housing and Utilities,3981.15,3967.03,Gifts,516.89,529.17
USR329IV,2025-11,Single-Tasker,25,534.4,400.71,659.11,prophet,decreasing,-10.4,497.8,5,4,7,prophet,106.88,596.34,5.8,89.4,1,high,Transportation,512.78,511.73,Groceries,89.4,89.4,Food and Dining,16.33,16.33
USR329uU,2025-12,Low Activity/Trial,4,19723.64,0.0,42304.15,prophet,stable,-0.3,8985.0,24,0,51,prophet,821.82,19782.45,24.5,217.1,2,medium,Other,30730.85,24639.77,Shopping,1713.03,1779.7,Food and Dining,349.9,406.57
USR331Xb,2025-01,Single-Tasker,19,0.0,0.0,12929.65,prophet,decreasing,-100.0,-100.0,2,0,4,prophet,0.0,3197.68,2.2,1713.89,3,high,Shopping,52325.26,52325.26,Fitness,1112.52,526.37,Travel,576.59,855.72
USR332Yp,2025-01,Consistent Weekly,20,11199.05,0.0,25732.03,prophet,increasing,216.4,17503.0,2,1,4,prophet,5599.52,3540.01,2.4,63.62,2,high,Shopping,28253.59,11926.04,Housing and Utilities,2437.83,1646.17,Travel,190.64,429.67
USR333eC,2025-10,Single-Tasker,24,1000.0,1000.0,1000.0,prophet,stable,0.0,0.0,1,1,1,prophet,1000.0,1000.0,1.0,1000.0,1,high,Finance,1000.0,1000.0,,,,,,
USR335Sx,2025-01,Single-Tasker,22,1609.39,25.29,3237.03,prophet,increasing,73.7,-44.3,3,0,5,prophet,536.46,926.54,2.8,2889.15,2,high,Housing and Utilities,1410.93,1395.46,Travel,507.15,391.8,Personal Hygiene,638.64,638.61
USR338ns,2025-11,Single-Tasker,2,200.0,160.0,240.0,wma,stable,0.0,0.0,1,1,1,wma,200.0,200.0,1.0,200.0,1,low,Other,200.0,200.0,,,,,,
USR340wo,2025-11,High-Intensity User,2,5897.42,4717.94,7076.91,wma,decreasing,-18.9,87.4,47,37,56,wma,125.48,7272.44,53.5,3147.4,33,low,Finance,3589.0,4329.5,Transportation,777.44,1082.66,Shopping,602.56,734.84
USR342cz,2025-11,High-Intensity User,13,2470.01,1354.13,3540.94,prophet,increasing,32.4,19.7,86,66,106,prophet,28.72,1865.34,61.5,2064.03,66,high,Finance,577.35,664.71,Shopping,445.07,343.06,Other,290.3,266.26
USR343dk,2025-01,Single-Tasker,20,24125.61,0.0,125521.03,prophet,increasing,29.0,42166.3,2,0,3,prophet,12062.81,18707.21,2.1,57.08,1,high,Shopping,120095.79,89565.16,Housing and Utilities,2513.04,2132.53,Personal Hygiene,859.31,642.8
USR350bh,2025-01,Single-Tasker,20,547.56,0.0,1336.73,prophet,increasing,24.1,-33.1,2,1,3,prophet,273.78,441.38,1.9,818.65,3,high,Medical/Dental,759.56,630.73,Gifts,425.89,665.74,Shopping,679.12,743.62
USR352dx,2025-10,Single-Tasker,24,5850.0,5850.0,5850.0,prophet,stable,0.0,0.0,1,1,1,prophet,5850.0,5850.0,1.0,5850.0,1,high,Finance,5850.0,5850.0,,,,,,
USR352pI,2025-11,Single-Tasker,2,200.0,160.0,240.0,wma,stable,0.0,0.0,1,1,1,wma,200.0,200.0,1.0,200.0,1,low,Other,200.0,200.0,,,,,,
USR354Rs,2023-11,Healthy Active User,1,1177.36,941.89,1412.83,segment_median,decreasing,-62.6,-62.6,3,2,4,wma,392.45,3150.0,3.0,3150.0,3,low,Other,3150.0,3150.0,,,,,,
USR360hy,2025-02,Single-Tasker,23,323.04,0.0,2556.4,prophet,decreasing,-73.7,46.0,2,0,3,prophet,161.52,1228.6,2.2,221.31,1,high,Shopping,1159.3,2119.84,Housing and Utilities,2213.93,1679.7,Personal Hygiene,8.63,405.48
USR365gu,2025-10,Single-Tasker,24,5850.0,5850.0,5850.0,prophet,stable,0.0,0.0,1,1,1,prophet,5850.0,5850.0,1.0,5850.0,1,high,Finance,5850.0,5850.0,,,,,,
USR372Mt,2025-02,Single-Tasker,20,0.0,0.0,18524.51,prophet,decreasing,-100.0,-100.0,3,1,4,prophet,0.0,4196.72,2.5,5.84,1,high,Shopping,721.33,17647.6,Housing and Utilities,1799.9,1384.43,Travel,148.58,403.39
USR375sC,2025-01,Single-Tasker,21,39335.88,0.0,124705.91,prophet,increasing,91.5,195212.2,2,0,3,prophet,19667.94,20543.4,1.9,20.14,2,high,Shopping,156437.11,70277.54,Housing and Utilities,69.94,793.13,Medical/Dental,648.07,538.66
USR376hP,2025-02,Single-Tasker,25,1194.22,286.27,2105.29,prophet,increasing,75.7,9023.1,2,1,3,prophet,597.11,679.52,2.1,13.09,1,high,Fitness,1615.98,1721.83,Travel,1216.3,849.73,Gifts,835.05,639.68
USR380Yw,2025-01,Healthy Active User,21,487.78,0.0,1633.17,prophet,decreasing,-32.7,-73.3,3,1,4,prophet,162.59,724.61,2.5,1827.4,4,high,Personal Hygiene,459.32,467.51,Housing and Utilities,119.7,496.85,Gifts,931.5,1188.95
USR383GT,2025-02,Single-Tasker,23,546.1,0.0,2513.82,prophet,decreasing,-49.4,1853.1,2,1,4,prophet,273.05,1078.52,2.5,27.96,1,high,Housing and Utilities,88.62,1529.8,Travel,1080.41,941.71,Personal Hygiene,210.61,586.71
USR388wJ,2025-02,Consistent Weekly,24,47046.7,0.0,107989.66,prophet,increasing,203.0,3655.9,2,1,4,prophet,23523.35,15528.7,2.3,1252.62,2,high,Shopping,99831.43,58914.18,Housing and Utilities,781.84,1056.14,Travel,778.25,853.94
USR395Ke,2025-01,Single-Tasker,23,0.0,0.0,55647.63,prophet,decreasing,-100.0,-100.0,3,1,5,prophet,0.0,15963.53,2.5,9.93,1,high,Shopping,39820.93,69981.13,Personal Hygiene,1983.05,1299.51,Housing and Utilities,1997.57,847.92
USR398Px,2025-12,Healthy Active User,25,1100.17,410.25,1816.1,prophet,stable,-8.7,10912.7,54,19,86,prophet,20.37,1205.26,71.9,9.99,3,high,Shopping,49.67,323.15,Finance,236.51,278.87,Groceries,38.33,148.45
USR398kh,2025-11,Single-Tasker,25,534.4,410.38,657.27,prophet,decreasing,-10.4,497.8,5,4,7,prophet,106.88,596.34,5.8,89.4,1,high,Transportation,512.78,511.73,Groceries,89.4,89.4,Food and Dining,16.33,16.33
USR401fn,2025-02,Single-Tasker,21,1670.03,0.0,4216.08,prophet,increasing,23.9,6225.9,2,0,5,prophet,835.01,1348.22,2.7,26.4,1,high,Housing and Utilities,857.76,1757.1,Shopping,400.73,934.73,Personal Hygiene,1380.12,615.78
USR415QQ,2025-02,Single-Tasker,25,181.23,0.0,921.56,prophet,decreasing,-60.8,285.3,2,1,3,prophet,90.61,461.82,1.7,47.03,1,high,Personal Hygiene,664.9,1181.41,Travel,1021.48,901.29,Gifts,214.23,280.46
USR418ju,2025-02,Single-Tasker,22,2469.02,0.0,32237.88,prophet,decreasing,-59.6,-16.6,3,1,5,prophet,823.01,6114.18,2.6,2960.64,2,high,Shopping,20224.01,38530.52,Fitness,1497.17,1423.66,Housing and Utilities,366.84,873.17
USR421bB,2024-12,Single-Tasker,17,8.77,0.0,2279.57,prophet,decreasing,-99.2,-99.3,3,1,5,prophet,2.92,1042.87,2.7,1218.82,2,high,Housing and Utilities,4830.38,3776.27,Travel,581.73,525.02,Hobbies,279.38,242.42
USR421oQ,2025-01,Consistent Weekly,22,36617.52,0.0,99200.07,prophet,increasing,88.7,-81.1,2,1,4,prophet,18308.76,19404.32,2.4,194176.5,4,high,Shopping,143903.14,103388.54,Travel,591.73,584.35,Fitness,2163.36,2163.36
USR423EB,2025-02,Single-Tasker,22,1902.59,0.0,8414.86,prophet,stable,0.2,2582.3,2,1,4,prophet,951.29,1898.07,2.3,70.93,1,high,Shopping,7315.35,5692.91,Housing and Utilities,1232.2,1870.36,Gifts,134.14,429.63
USR425DX,2025-02,Single-Tasker,22,1207.85,48.3,2380.69,prophet,increasing,27.1,59694.6,2,1,4,prophet,603.92,950.51,2.8,2.02,1,high,Housing and Utilities,1787.67,789.27,Personal Hygiene,485.28,583.67,Fitness,601.95,460.37
USR430vt,2025-01,Single-Tasker,20,1803.98,172.7,3321.1,prophet,increasing,86.4,-68.8,2,1,4,prophet,901.99,967.84,2.2,5773.76,1,high,Housing and Utilities,2959.77,2013.38,Gifts,158.05,368.99,Shopping,2546.86,2546.86
USR437KX,2025-02,Single-Tasker,24,18956.25,0.0,44621.88,prophet,increasing,159.1,6330.6,3,1,5,prophet,6318.75,7315.04,2.8,294.78,1,high,Shopping,62449.45,51123.01,Gifts,286.31,974.3,Housing and Utilities,1069.06,1060.38
USR451OQ,2025-01,Single-Tasker,22,34470.24,0.0,95259.0,prophet,increasing,155.2,117066.0,2,0,4,prophet,17235.12,13508.94,2.5,29.42,1,high,Shopping,111904.73,55658.73,Fitness,692.18,822.07,Housing and Utilities,3539.58,3539.58
USR451il,2025-10,Single-Tasker,24,5850.0,5850.0,5850.0,prophet,stable,0.0,0.0,1,1,1,prophet,5850.0,5850.0,1.0,5850.0,1,high,Finance,5850.0,5850.0,,,,,,
USR461nX,2025-02,Single-Tasker,23,0.0,0.0,36897.64,prophet,decreasing,-100.0,-100.0,3,2,4,prophet,0.0,10928.31,2.1,60.64,1,high,Shopping,2458.97,60767.19,Fitness,905.85,583.02,Travel,125.81,333.14
USR463UE,2025-11,Single-Tasker,2,200.0,160.0,240.0,wma,stable,0.0,0.0,1,1,1,wma,200.0,200.0,1.0,200.0,1,low,Shopping,200.0,200.0,,,,,,
USR465GL,2025-02,Consistent Weekly,25,840.39,0.0,3308.98,prophet,stable,-8.7,655.1,3,1,4,prophet,280.13,920.08,2.3,111.29,2,high,Housing and Utilities,2974.39,1592.02,Personal Hygiene,1936.11,1584.07,Fitness,683.28,473.8
USR465Of,2025-02,Consistent Weekly,25,1620.62,0.0,3401.36,prophet,increasing,105.9,111.2,2,1,4,prophet,810.31,787.0,1.9,767.26,1,high,Housing and Utilities,3032.5,1415.08,Shopping,1311.88,1910.92,Fitness,794.58,457.65
USR466ol,2024-12,Single-Tasker,18,14989.14,0.0,30044.7,prophet,increasing,257.3,620.8,3,2,5,prophet,4996.38,4194.7,2.4,2079.39,3,high,Shopping,30519.78,20968.03,Personal Hygiene,1128.33,493.92,Travel,579.84,477.99
USR470Uv,2025-11,Single-Tasker,25,25.25,19.4,30.99,prophet,decreasing,-10.5,498.3,2,2,2,prophet,12.62,28.22,2.0,4.22,1,high,Finance,16.72,28.22,,,,,,
USR471zI,2025-11,Single-Tasker,1,541.95,433.56,650.34,segment_median,increasing,12742.4,12742.4,1,1,1,wma,541.95,4.22,1.0,4.22,1,low,Finance,4.22,4.22,,,,,,
USR472to,2024-11,Single-Tasker,20,1050.95,0.0,2569.23,prophet,increasing,36.0,834.4,2,1,3,prophet,525.48,772.78,2.4,112.47,1,high,Shopping,2144.8,1720.06,Travel,367.52,325.41,Medical/Dental,286.19,335.06
USR473tw,2025-01,Single-Tasker,16,17688.1,0.0,38199.66,prophet,increasing,249.2,3562.9,3,2,4,prophet,5896.03,5065.79,2.2,482.9,2,high,Shopping,48506.53,36457.33,Personal Hygiene,565.27,809.78,Housing and Utilities,123.92,399.65
USR478AY,2025-02,Single-Tasker,22,18706.99,0.0,61096.22,prophet,increasing,108.7,285.3,2,1,4,prophet,9353.5,8965.65,2.4,4855.08,2,high,Shopping,60439.76,60492.68,Housing and Utilities,787.18,940.82,Fitness,777.61,652.1
USR479Ei,2025-02,Single-Tasker,21,16461.12,0.0,56554.99,prophet,increasing,59.5,7452.7,2,1,3,prophet,8230.56,10320.32,2.1,217.95,1,high,Shopping,89485.04,66763.06,Housing and Utilities,1774.78,1888.44,Travel,753.64,704.29
USR486wN,2025-11,Healthy Active User,2,1542.83,1234.27,1851.4,wma,decreasing,-25.3,208.6,3,2,3,wma,514.28,2064.25,3.5,500.0,1,low,Finance,2103.5,2103.5,Transportation,500.0,500.0,Shopping,525.0,525.0
USR489hA,2025-02,Consistent Weekly,22,14736.45,0.0,59377.93,prophet,increasing,76.7,12494.2,2,1,4,prophet,7368.23,8339.19,2.5,117.01,2,high,Shopping,171548.07,171548.07,Fitness,514.16,645.66,Medical/Dental,363.79,410.72
USR489ka,2025-01,Single-Tasker,23,10789.22,0.0,24067.96,prophet,increasing,215.0,198.9,4,2,5,prophet,2697.3,3424.71,2.6,3610.21,2,high,Shopping,28255.0,10313.19,Housing and Utilities,4116.47,4372.05,Transportation,117.11,286.14
USR491Th,2025-02,Single-Tasker,23,0.0,0.0,35894.21,prophet,decreasing,-100.0,-100.0,2,1,3,prophet,0.0,8911.87,1.7,127.36,1,high,Shopping,196369.28,196369.28,Fitness,473.91,540.25,Medical/Dental,373.95,368.49
USR493ow,2025-12,Low Activity/Trial,4,1754.76,0.0,3913.02,prophet,stable,-9.7,7982.7,19,0,40,prophet,92.36,1943.52,24.5,21.71,2,medium,Other,1595.83,1652.3,Finance,200.0,200.0,Transportation,116.91,101.3
USR494kt,2025-01,Single-Tasker,19,0.0,0.0,60247.0,prophet,decreasing,-100.0,-100.0,1,0,3,prophet,0.0,26229.78,2.1,50.39,2,high,Shopping,63067.38,96669.89,Housing and Utilities,1978.98,2387.62,Travel,164.46,441.94
USR495Vi,2025-01,Single-Tasker,22,42661.01,0.0,120058.27,prophet,increasing,205.5,44585.3,3,1,4,prophet,14220.34,13964.92,2.4,95.47,1,high,Shopping,146888.85,73869.81,Travel,383.59,662.77,Fitness,892.61,521.88
USR495mL,2025-12,Low Activity/Trial,4,2045.69,0.0,4378.75,prophet,stable,-4.0,8311.6,21,0,45,prophet,97.41,2130.07,24.5,24.32,2,medium,Other,1938.95,1969.87,Shopping,127.86,168.74,Food and Dining,23.26,21.22
USR496UB,2025-01,Consistent Weekly,22,2481.81,267.35,4826.98,prophet,increasing,86.7,-16.7,4,2,6,prophet,620.45,1329.02,2.8,2981.06,5,high,Housing and Utilities,1573.34,2314.39,Shopping,905.87,1029.53,Travel,999.18,999.98
USR500hm,2025-02,Consistent Weekly,22,18336.59,0.0,106768.85,prophet,increasing,17.8,16099.8,2,1,3,prophet,9168.3,15563.32,2.0,113.19,2,high,Shopping,221025.65,166060.03,Housing and Utilities,60.76,734.93,Fitness,216.24,271.91
USR507pL,2025-11,Single-Tasker,25,25.25,19.34,31.24,prophet,decreasing,-10.5,498.3,2,2,2,prophet,12.62,28.22,2.0,4.22,1,high,Finance,16.72,28.22,,,,,,
USR510PJ,2025-10,Single-Tasker,24,5850.0,5850.0,5850.0,prophet,stable,0.0,0.0,1,1,1,prophet,5850.0,5850.0,1.0,5850.0,1,high,Finance,5850.0,5850.0,,,,,,
USR511YG,2025-01,Consistent Weekly,21,9189.91,0.0,21344.4,prophet,increasing,225.7,6306.8,2,0,3,prophet,4594.95,2821.89,2.1,143.44,2,high,Shopping,23860.39,8552.55,Housing and Utilities,1198.73,1766.87,Travel,598.06,494.42
USR514Mj,2025-10,Single-Tasker,1,541.95,433.56,650.34,segment_median,decreasing,-45.8,-45.8,1,1,1,wma,541.95,1000.0,1.0,1000.0,1,low,Finance,1000.0,1000.0,,,,,,
USR525bL,2025-10,Single-Tasker,24,5850.0,5850.0,5850.0,prophet,stable,0.0,0.0,1,1,1,prophet,5850.0,5850.0,1.0,5850.0,1,high,Finance,5850.0,5850.0,,,,,,
USR526Ci,2025-12,Low Activity/Trial,4,1913.3,0.0,4203.09,prophet,stable,-1.0,8713.0,24,0,49,prophet,79.72,1932.82,24.5,21.71,2,medium,Other,1839.08,1847.09,Shopping,84.38,68.6,Entertainment,29.98,29.98
USR526MW,2025-12,Low Activity/Trial,4,1911.74,0.0,4288.95,prophet,stable,-1.1,8705.8,24,0,49,prophet,79.66,1933.62,24.5,21.71,2,medium,Other,1750.94,1752.12,Groceries,129.96,134.95,Shopping,94.62,80.5
USR530Nq,2025-11,Healthy Active User,25,3980.95,2328.98,5621.44,prophet,stable,-0.2,696.2,6,4,8,prophet,663.49,3990.72,5.8,500.0,1,high,Finance,2578.5,2690.61,Fitness,578.5,578.5,Food and Dining,500.0,521.74
USR534tr,2025-02,Consistent Weekly,20,0.0,0.0,8737.53,prophet,decreasing,-100.0,-100.0,2,0,3,prophet,0.0,2950.66,2.1,3665.98,2,high,Shopping,8337.34,16351.89,Personal Hygiene,1331.93,458.95,Fitness,89.88,536.12
USR538ia,2025-02,Consistent Weekly,20,1084.9,155.89,1948.18,prophet,increasing,91.9,-59.6,1,0,3,prophet,1084.9,565.25,1.9,2682.92,3,high,Shopping,2279.7,2221.77,Fitness,833.82,638.29,Medical/Dental,265.01,230.01
USR539EC,2025-02,Single-Tasker,23,0.0,0.0,61053.61,prophet,decreasing,-100.0,-100.0,2,0,3,prophet,0.0,19728.61,2.5,2094.25,1,high,Shopping,68920.31,109212.47,Housing and Utilities,2855.55,2365.24,Medical/Dental,745.15,687.04
USR542rd,2025-11,Single-Tasker,25,534.4,413.68,658.78,prophet,decreasing,-10.4,497.8,5,4,7,prophet,106.88,596.34,5.8,89.4,1,high,Transportation,512.78,511.73,Groceries,89.4,89.4,Food and Dining,16.33,16.33
USR546jz,2025-02,Consistent Weekly,25,754.59,0.0,2864.76,prophet,decreasing,-39.1,65.2,2,0,3,prophet,377.3,1238.5,2.5,456.83,2,high,Housing and Utilities,1258.61,2066.14,Shopping,1856.48,2493.39,Fitness,468.2,613.34
USR548Uw,2025-01,Single-Tasker,20,0.0,0.0,41199.28,prophet,decreasing,-100.0,-100.0,2,1,4,prophet,0.0,9439.2,2.6,1185.47,2,high,Shopping,117001.12,87867.81,Gifts,682.46,473.46,Fitness,324.09,471.58
USR552iz,2025-01,Single-Tasker,20,11926.11,0.0,36136.24,prophet,increasing,127.2,4291.5,2,1,4,prophet,5963.06,5249.73,2.3,271.57,1,high,Shopping,41754.73,28305.78,Housing and Utilities,1997.8,2230.56,Medical/Dental,502.93,503.87
USR554bC,2025-10,Single-Tasker,24,1000.0,1000.0,1000.0,prophet,stable,0.0,0.0,1,1,1,prophet,1000.0,1000.0,1.0,1000.0,1,high,Finance,1000.0,1000.0,,,,,,
USR556jk,2025-02,Single-Tasker,21,1931.23,15.5,3871.59,prophet,increasing,124.7,400.4,3,2,4,prophet,643.74,859.38,2.2,385.92,1,high,Shopping,4843.32,3814.56,Fitness,1062.24,1202.04,Friend Activities,224.37,190.27
USR557Nb,2025-10,Single-Tasker,24,1000.0,1000.0,1000.0,prophet,stable,0.0,0.0,1,1,1,prophet,1000.0,1000.0,1.0,1000.0,1,high,Finance,1000.0,1000.0,,,,,,
USR557yC,2025-02,Consistent Weekly,22,595.16,0.0,1300.22,prophet,stable,6.0,55.7,2,1,4,prophet,297.58,561.36,2.3,382.15,2,high,Fitness,309.49,603.43,Gifts,303.04,708.18,Medical/Dental,564.08,421.96
USR559Pi,2025-02,Single-Tasker,23,0.0,0.0,18777.15,prophet,decreasing,-100.0,-100.0,3,1,5,prophet,0.0,4496.46,2.6,64.44,1,high,Shopping,8023.53,18688.41,Personal Hygiene,1564.49,615.06,Gifts,102.4,218.37
USR562FO,2025-10,Single-Tasker,24,5850.0,5850.0,5850.0,prophet,stable,0.0,0.0,1,1,1,prophet,5850.0,5850.0,1.0,5850.0,1,high,Finance,5850.0,5850.0,,,,,,
USR572qw,2025-02,Single-Tasker,24,12942.55,0.0,76952.4,prophet,decreasing,-34.7,103027.9,3,1,5,prophet,4314.18,19818.71,2.4,12.55,1,high,Shopping,73818.17,77109.93,Housing and Utilities,84.9,1063.87,Personal Hygiene,554.15,630.1
USR574tK,2025-02,Single-Tasker,19,1043.66,0.0,3061.52,prophet,increasing,33.2,252.3,1,0,3,prophet,1043.66,783.75,2.2,296.2,1,high,Housing and Utilities,3541.73,1461.92,Travel,536.45,805.8,Friend Activities,245.0,316.71
USR579jO,2024-12,Consistent Weekly,19,0.0,0.0,50540.71,prophet,decreasing,-100.0,-100.0,2,1,4,prophet,0.0,17279.61,2.4,328.84,2,high,Shopping,52213.98,77854.02,Housing and Utilities,2224.64,2219.75,Travel,1051.38,625.86
USR581oW,2025-01,Single-Tasker,24,0.0,0.0,38926.86,prophet,decreasing,-100.0,-100.0,1,0,2,prophet,0.0,8286.85,1.8,157.56,1,high,Shopping,59346.22,63129.97,Fitness,1321.45,814.67,Medical/Dental,440.8,404.14
USR587rm,2025-02,Consistent Weekly,20,263.16,0.0,1171.94,prophet,decreasing,-55.8,-70.9,2,1,3,prophet,131.58,595.78,1.9,904.02,3,high,Fitness,261.67,707.64,Gifts,636.53,538.28,Housing and Utilities,89.04,367.14
USR592MJ,2025-12,Low Activity/Trial,4,1943.63,0.0,4161.13,prophet,stable,0.0,8852.7,25,2,53,prophet,77.75,1943.62,24.5,21.71,2,medium,Other,1764.77,1769.73,Groceries,147.29,152.28,Shopping,108.75,108.75
USR592gD,2025-02,Single-Tasker,21,1080.65,0.0,3297.93,prophet,increasing,22.7,636.2,2,1,4,prophet,540.33,880.82,2.4,146.79,1,high,Housing and Utilities,4484.66,3404.28,Shopping,1099.72,1741.39,Medical/Dental,382.0,294.73
USR594QR,2025-11,Single-Tasker,25,25.25,19.91,30.46,prophet,decreasing,-10.5,498.3,2,2,2,prophet,12.62,28.22,2.0,4.22,1,high,Finance,16.72,28.22,,,,,,
USR596jh,2025-01,Healthy Active User,22,0.0,0.0,3568.84,prophet,decreasing,-100.0,-100.0,2,1,4,prophet,0.0,1009.22,2.0,2650.23,4,high,Shopping,244.18,3770.77,Gifts,957.85,581.55,Fitness,472.91,299.45
USR598GE,2025-01,Single-Tasker,20,3949.43,0.0,46917.5,prophet,decreasing,-68.5,10635.1,2,0,4,prophet,1974.71,12531.51,2.4,36.79,1,high,Shopping,18453.19,46551.6,Housing and Utilities,4483.2,3936.75,Fitness,344.19,416.63
USR598Hk,2025-02,Single-Tasker,22,0.0,0.0,17355.35,prophet,decreasing,-100.0,-100.0,2,1,4,prophet,0.0,4411.83,2.3,2057.66,2,high,Shopping,14276.8,28396.96,Housing and Utilities,1686.2,1391.91,Fitness,526.39,598.47
USR601Ie,2025-02,Single-Tasker,21,30921.94,0.0,60333.26,prophet,increasing,171.5,9102.7,2,1,3,prophet,15460.97,11389.13,2.0,336.01,1,high,Shopping,66208.53,44620.44,Housing and Utilities,1209.84,2303.68,Medical/Dental,465.17,470.35
USR605Px,2025-02,Consistent Weekly,22,0.0,0.0,31171.85,prophet,decreasing,-100.0,-100.0,1,0,3,prophet,0.0,7808.44,2.1,4.51,1,high,Shopping,166202.6,166202.6,Medical/Dental,408.54,480.27,Friend Activities,380.83,253.21
USR605nX,2025-02,Consistent Weekly,22,1147.74,104.37,2204.92,prophet,increasing,90.3,108.1,2,1,4,prophet,573.87,603.23,2.2,551.6,4,high,Housing and Utilities,1171.78,726.74,Personal Hygiene,1037.27,1158.39,Gifts,921.95,571.47
USR614yH,2025-12,Low Activity/Trial,4,8941.96,0.0,19643.14,prophet,stable,-6.0,8107.4,19,0,41,prophet,470.63,9514.06,24.5,108.95,2,medium,Other,8841.48,8990.2,Shopping,554.13,491.48,Food and Dining,122.86,101.1
USR619km,2025-01,Healthy Active User,21,10233.09,0.0,23970.34,prophet,increasing,128.1,315.1,2,1,4,prophet,5116.55,4486.5,2.4,2465.0,3,high,Shopping,16315.14,14113.88,Gifts,719.97,782.67,Travel,274.45,238.25
USR621BM,2025-01,Single-Tasker,21,0.0,0.0,13750.4,prophet,decreasing,-100.0,-100.0,2,1,4,prophet,0.0,3616.04,2.1,1654.7,3,high,Shopping,11027.27,21830.72,Personal Hygiene,1495.34,832.85,Fitness,308.32,422.52
USR626gZ,2025-02,Single-Tasker,22,0.0,0.0,22868.08,prophet,decreasing,-100.0,-100.0,2,1,3,prophet,0.0,4885.13,2.4,21.72,1,high,Shopping,30341.95,45423.59,Housing and Utilities,1150.4,1318.28,Gifts,281.34,455.21
USR628FF,2025-11,Single-Tasker,25,25.25,19.84,30.95,prophet,decreasing,-10.5,498.3,2,2,2,prophet,12.62,28.22,2.0,4.22,1,high,Finance,16.72,28.22,,,,,,
USR628KZ,2025-01,Consistent Weekly,20,272.26,0.0,1591.08,prophet,decreasing,-62.2,-40.1,2,1,4,prophet,136.13,720.93,2.3,454.39,3,high,Housing and Utilities,204.88,1050.63,Shopping,605.55,981.91,Travel,413.37,456.46
USR628kq,2025-02,Consistent Weekly,24,17091.04,0.0,70726.46,prophet,increasing,51.8,1105.2,2,1,4,prophet,8545.52,11260.18,2.4,1418.07,2,high,Shopping,8823.03,51158.17,Fitness,990.52,784.38,Travel,829.84,540.7
USR632NW,2025-02,Single-Tasker,23,1373.06,0.0,26015.09,prophet,decreasing,-68.2,1347.5,2,1,4,prophet,686.53,4320.69,2.3,94.86,1,high,Shopping,58879.46,44175.75,Personal Hygiene,438.87,430.39,Travel,614.02,459.6
USR640RH,2025-01,Consistent Weekly,22,16036.0,0.0,76484.21,prophet,increasing,11.8,443.4,3,1,5,prophet,5345.33,14342.13,2.7,2951.21,3,high,Shopping,32354.87,60948.07,Fitness,504.24,832.09,Travel,1138.35,989.45
USR646Eg,2025-01,Consistent Weekly,21,30580.94,0.0,74885.76,prophet,increasing,248.6,-82.0,3,2,4,prophet,10193.65,8771.81,2.3,169603.22,3,high,Shopping,84944.81,34354.3,Housing and Utilities,6161.29,6161.29,Medical/Dental,771.73,504.51
USR651Yc,2025-02,Single-Tasker,21,518.68,0.0,1535.62,prophet,decreasing,-40.5,80.7,2,1,4,prophet,259.34,871.04,2.6,287.07,1,high,Fitness,353.15,704.5,Shopping,1474.99,1429.15,Gifts,603.46,629.69
USR653TK,2025-02,Single-Tasker,19,0.0,0.0,52028.1,prophet,decreasing,-100.0,-100.0,2,0,3,prophet,0.0,11752.87,2.3,253.58,1,high,Shopping,71444.45,106874.94,Fitness,1187.13,680.31,Gifts,537.94,852.99
USR654ba,2025-02,Healthy Active User,23,29329.46,0.0,80982.11,prophet,increasing,142.1,2679.0,3,2,4,prophet,9776.49,12116.64,2.3,1055.4,3,high,Shopping,63340.1,44169.06,Personal Hygiene,1889.75,1264.74,Medical/Dental,393.37,494.19
USR661QD,2025-10,Single-Tasker,1,541.95,433.56,650.34,segment_median,decreasing,-45.8,-45.8,1,1,1,wma,541.95,1000.0,1.0,1000.0,1,low,Finance,1000.0,1000.0,,,,,,
USR661vO,2025-02,Single-Tasker,22,0.0,0.0,9387.62,prophet,decreasing,-100.0,-100.0,2,0,3,prophet,0.0,3997.65,2.6,10.97,1,high,Shopping,545.99,15541.6,Fitness,882.91,770.24,Gifts,626.04,519.21
USR663xt,2025-01,Consistent Weekly,21,1009.7,0.0,2783.27,prophet,increasing,13.0,111.9,3,1,4,prophet,336.57,893.17,2.5,476.58,4,high,Housing and Utilities,1113.46,1628.8,Fitness,1130.73,645.56,Gifts,205.22,424.7
USR667ih,2025-12,Low Activity/Trial,4,19117.45,0.0,41114.68,prophet,stable,-1.1,8705.8,24,0,50,prophet,796.56,19336.2,24.5,217.1,2,medium,Other,29341.85,23554.27,Shopping,2107.13,2173.8,Food and Dining,429.15,405.8
USR671AL,2025-10,Single-Tasker,24,1000.0,1000.0,1000.0,prophet,stable,0.0,0.0,1,1,1,prophet,1000.0,1000.0,1.0,1000.0,1,high,Finance,1000.0,1000.0,,,,,,
USR672oM,2025-01,Single-Tasker,22,0.0,0.0,18007.22,prophet,decreasing,-100.0,-100.0,2,0,3,prophet,0.0,4643.15,2.4,1124.56,1,high,Shopping,14625.66,22598.16,Fitness,1250.63,1088.83,Transportation,997.33,777.02
USR673Ud,2025-11,Single-Tasker,25,25.25,19.27,31.03,prophet,decreasing,-10.5,498.3,2,2,2,prophet,12.62,28.22,2.0,4.22,1,high,Finance,16.72,28.22,,,,,,
USR673YB,2025-11,Single-Tasker,2,200.0,160.0,240.0,wma,stable,0.0,0.0,1,1,1,wma,200.0,200.0,1.0,200.0,1,low,Finance,200.0,200.0,,,,,,
USR674rM,2025-01,Consistent Weekly,23,0.0,0.0,7167.37,prophet,decreasing,-100.0,-100.0,2,0,4,prophet,0.0,2743.84,2.4,385.25,3,high,Shopping,186.54,7820.95,Housing and Utilities,985.86,1768.12,Travel,779.48,606.01
USR677Eb,2025-01,Single-Tasker,23,8113.26,0.0,35714.63,prophet,increasing,36.9,302.1,2,1,3,prophet,4056.63,5925.09,2.3,2017.81,3,high,Shopping,146.66,18242.88,Medical/Dental,741.77,575.24,Fitness,729.38,380.01
USR678LY,2025-10,Single-Tasker,24,5850.0,5850.0,5850.0,prophet,stable,0.0,0.0,1,1,1,prophet,5850.0,5850.0,1.0,5850.0,1,high,Finance,5850.0,5850.0,,,,,,
USR689HM,2025-02,Single-Tasker,22,13819.34,0.0,70139.22,prophet,increasing,29.0,301.3,2,1,4,prophet,6909.67,10708.77,2.4,3443.87,1,high,Shopping,38237.78,74149.05,Personal Hygiene,1372.76,1305.96,Housing and Utilities,456.49,619.75
USR689zf,2025-01,Consistent Weekly,21,2731.43,0.0,47478.32,prophet,decreasing,-70.8,96.2,3,1,4,prophet,910.48,9343.73,2.8,1392.06,3,high,Shopping,1128.42,35386.05,Personal Hygiene,1282.36,1253.47,Housing and Utilities,1338.14,1910.97
USR691El,2025-02,Consistent Weekly,22,0.0,0.0,45791.67,prophet,decreasing,-100.0,-100.0,2,1,3,prophet,0.0,11541.36,1.8,86.59,2,high,Shopping,246679.84,246679.84,Fitness,506.68,305.52,Travel,458.91,670.43
USR691Fc,2025-01,Single-Tasker,22,0.0,0.0,3473.42,prophet,decreasing,-100.0,-100.0,3,1,5,prophet,0.0,1131.84,2.5,107.2,1,high,Shopping,3786.33,5820.64,Personal Hygiene,28.09,590.4,Medical/Dental,301.0,266.33
USR698Qr,2025-12,Low Activity/Trial,4,1825.56,0.0,3985.54,prophet,stable,-4.0,8308.8,21,0,44,prophet,86.93,1900.91,24.5,21.71,2,medium,Other,1705.38,1728.29,Transportation,114.96,99.97,Shopping,98.96,98.96
USR698Vo,2025-01,Single-Tasker,20,424.71,0.0,2404.4,prophet,decreasing,-33.7,66.5,2,1,4,prophet,212.35,640.32,2.0,255.11,4,high,Housing and Utilities,2265.43,3324.82,Shopping,691.94,452.25,Medical/Dental,233.85,371.08
USR703am,2025-01,Consistent Weekly,21,986.78,379.37,1600.51,prophet,increasing,60.7,-57.8,3,1,4,prophet,328.93,613.96,2.2,2335.83,5,high,Medical/Dental,499.59,488.4,Fitness,663.08,521.73,Travel,498.84,480.08
USR704Np,2025-02,Consistent Weekly,23,1930.43,0.0,21374.68,prophet,decreasing,-56.4,250.8,2,1,3,prophet,965.22,4427.82,2.1,550.33,2,high,Shopping,1934.27,13244.7,Fitness,381.4,467.89,Medical/Dental,444.12,409.82
USR708ic,2025-02,Single-Tasker,22,698.78,0.0,2680.5,prophet,decreasing,-41.7,-83.0,2,0,4,prophet,349.39,1199.14,2.8,4118.3,2,high,Shopping,2107.06,1492.28,Personal Hygiene,1338.47,1138.99,Housing and Utilities,661.19,1246.38
USR710BJ,2025-01,Single-Tasker,20,0.0,0.0,53568.03,prophet,decreasing,-100.0,-100.0,2,0,3,prophet,0.0,15081.73,2.1,1232.23,2,high,Shopping,49494.05,98705.98,Medical/Dental,503.61,360.48,Travel,820.19,626.66
USR718AA,2025-10,Single-Tasker,24,5850.0,5850.0,5850.0,prophet,stable,0.0,0.0,1,1,1,prophet,5850.0,5850.0,1.0,5850.0,1,high,Finance,5850.0,5850.0,,,,,,
USR718eU,2025-02,Consistent Weekly,22,348.32,0.0,1835.71,prophet,decreasing,-54.8,312.3,3,1,4,prophet,116.11,771.16,2.1,84.48,2,high,Housing and Utilities,54.95,782.1,Shopping,872.7,1185.38,Fitness,762.58,570.77
USR721Sq,2025-10,Single-Tasker,24,1000.0,1000.0,1000.0,prophet,stable,0.0,0.0,1,1,1,prophet,1000.0,1000.0,1.0,1000.0,1,high,Finance,1000.0,1000.0,,,,,,
USR721Xc,2025-02,Single-Tasker,21,3587.85,0.0,16567.37,prophet,stable,4.9,74182.6,2,1,4,prophet,1793.92,3420.2,2.2,4.83,1,high,Shopping,28618.79,22186.75,Medical/Dental,394.97,463.59,Friend Activities,118.58,242.97
USR723TN,2025-02,Single-Tasker,22,293.57,0.0,1245.94,prophet,decreasing,-58.9,570.7,2,0,4,prophet,146.78,714.14,2.5,43.77,1,high,Travel,768.4,456.86,Fitness,115.17,431.62,Housing and Utilities,406.18,562.4
USR724hb,2025-10,Single-Tasker,24,1000.0,1000.0,1000.0,prophet,stable,0.0,0.0,1,1,1,prophet,1000.0,1000.0,1.0,1000.0,1,high,Finance,1000.0,1000.0,,,,,,
USR725fj,2025-02,Single-Tasker,23,4896.05,0.0,20308.86,prophet,stable,8.6,2084.7,3,2,5,prophet,1632.02,4509.12,3.0,224.11,1,high,Shopping,11801.83,14025.5,Housing and Utilities,3950.85,3143.74,Fitness,865.99,1083.66
USR726Lh,2025-01,Consistent Weekly,23,388.33,0.0,985.11,prophet,decreasing,-20.4,-53.8,2,0,4,prophet,194.16,488.14,2.4,841.44,2,high,Medical/Dental,253.29,363.25,Shopping,412.02,646.41,Gifts,416.9,207.33
USR726VM,2025-01,Single-Tasker,23,7574.4,0.0,21988.11,prophet,increasing,91.3,70887.8,2,1,4,prophet,3787.2,3958.55,2.1,10.67,1,high,Shopping,25679.33,19831.31,Travel,514.76,532.31,Fitness,1028.81,833.99
USR733gw,2025-12,Low Activity/Trial,4,1825.56,0.0,3997.12,prophet,stable,-4.0,8308.8,21,0,44,prophet,86.93,1900.91,24.5,21.71,2,medium,Finance,1057.23,1408.41,Housing and Utilities,565.66,457.32,Other,332.74,285.62
USR737zJ,2025-02,Single-Tasker,22,265.42,0.0,1691.08,prophet,decreasing,-62.2,3511.2,2,0,4,prophet,132.71,703.03,2.5,7.35,1,high,Housing and Utilities,75.27,731.67,Fitness,438.22,417.74,Personal Hygiene,403.8,481.67
USR739UP,2025-12,High-Intensity User,28,6822.82,0.0,14904.74,prophet,increasing,46.1,5595.2,74,0,166,prophet,92.2,4668.94,104.8,119.8,14,high,Finance,7877.62,3044.69,Personal Hygiene,2939.77,1336.02,Other,1514.04,462.89
USR739ei,2025-02,Single-Tasker,19,3057.98,0.0,6468.59,prophet,increasing,68.9,806.0,2,0,5,prophet,1528.99,1810.15,2.4,337.53,1,high,Housing and Utilities,3268.44,4205.33,Medical/Dental,453.22,430.16,Gifts,263.9,532.49
USR746kv,2025-01,Consistent Weekly,21,0.0,0.0,4465.08,prophet,decreasing,-100.0,-100.0,2,1,4,prophet,0.0,1556.41,2.1,99.26,3,high,Shopping,9011.11,12128.78,Housing and Utilities,497.99,892.16,Travel,146.74,348.19
USR747HD,2025-11,Single-Tasker,2,2000.0,1600.0,2400.0,wma,stable,0.0,0.0,1,1,1,wma,2000.0,2000.0,1.0,2000.0,1,low,Other,2000.0,2000.0,,,,,,
USR748ZE,2025-11,Single-Tasker,2,200.0,160.0,240.0,wma,stable,0.0,0.0,1,1,1,wma,200.0,200.0,1.0,200.0,1,low,Finance,200.0,200.0,,,,,,
USR755DK,2025-11,Single-Tasker,2,230.0,184.0,276.0,wma,stable,0.0,0.0,1,1,1,wma,230.0,230.0,1.0,230.0,1,low,Other,230.0,230.0,,,,,,
USR756hT,2025-01,Single-Tasker,21,0.0,0.0,73327.45,prophet,decreasing,-100.0,-100.0,3,1,4,prophet,0.0,15851.37,2.4,98.03,2,high,Shopping,179.64,81450.51,Housing and Utilities,733.53,727.54,Travel,439.52,274.64
USR756uA,2025-02,Single-Tasker,22,701.51,0.0,2810.07,prophet,decreasing,-30.5,452.9,2,0,4,prophet,350.75,1009.41,2.6,126.88,1,high,Shopping,2785.85,1443.77,Housing and Utilities,88.28,751.0,Travel,361.23,458.75
USR757AI,2025-01,Consistent Weekly,20,136.95,0.0,666.54,prophet,decreasing,-63.5,-35.5,2,1,3,prophet,68.47,375.51,2.0,212.42,5,high,Medical/Dental,609.13,474.32,Fitness,1764.2,1764.2,Friend Activities,367.23,296.85
USR759Fr,2025-02,Single-Tasker,20,6750.0,0.0,68874.34,prophet,decreasing,-58.5,5112.4,3,1,4,prophet,2250.0,16269.12,2.2,129.5,1,high,Shopping,93109.47,79636.92,Gifts,1312.56,1026.77,Friend Activities,214.84,404.77
USR761gu,2025-11,Single-Tasker,25,534.4,410.66,656.98,prophet,decreasing,-10.4,497.8,5,4,7,prophet,106.88,596.34,5.8,89.4,1,high,Transportation,512.78,511.73,Groceries,89.4,89.4,Food and Dining,16.33,16.33
USR765RD,2025-02,Healthy Active User,20,620.01,0.0,2250.92,prophet,decreasing,-14.7,31.6,3,1,5,prophet,206.67,726.61,2.8,471.18,3,high,Housing and Utilities,146.09,841.67,Personal Hygiene,636.44,636.15,Travel,999.5,789.82
USR774PR,2025-02,Single-Tasker,22,10314.51,0.0,26061.96,prophet,increasing,180.5,13017.8,3,1,5,prophet,3438.17,3677.33,2.8,78.63,1,high,Shopping,29978.42,9720.16,Housing and Utilities,1856.89,1169.51,Medical/Dental,625.09,470.62
USR778Dk,2025-01,Consistent Weekly,21,8691.89,0.0,22125.02,prophet,increasing,132.8,86.1,2,0,4,prophet,4345.94,3733.34,2.2,4670.91,2,high,Shopping,26331.71,9806.99,Housing and Utilities,2929.07,2153.73,Medical/Dental,585.88,589.22
USR784ar,2025-01,Healthy Active User,22,29179.92,0.0,95734.86,prophet,increasing,145.8,14476.1,2,1,4,prophet,14589.96,11869.88,2.2,200.19,5,high,Shopping,82825.1,124030.59,Travel,736.62,511.95,Personal Hygiene,398.05,587.94
USR785nU,2025-01,Single-Tasker,22,671.46,0.0,1595.36,prophet,stable,0.7,-59.4,2,0,3,prophet,335.73,666.51,2.1,1655.7,1,high,Gifts,1183.65,980.21,Personal Hygiene,846.6,932.67,Travel,413.16,243.39
USR793Ca,2025-01,Healthy Active User,19,4250.53,0.0,40462.08,prophet,decreasing,-44.8,2101.2,3,1,5,prophet,1416.84,7694.59,2.2,193.1,2,high,Shopping,45728.76,34326.05,Housing and Utilities,1594.23,1581.07,Fitness,399.38,484.49
USR799Rk,2025-10,Single-Tasker,24,5850.0,5850.0,5850.0,prophet,stable,0.0,0.0,1,1,1,prophet,5850.0,5850.0,1.0,5850.0,1,high,Finance,5850.0,5850.0,,,,,,
USR803YO,2025-02,Consistent Weekly,24,18894.97,0.0,51608.7,prophet,increasing,193.4,1523.2,2,1,4,prophet,9447.49,6439.38,2.2,1164.08,2,high,Shopping,69857.38,46688.92,Personal Hygiene,1537.64,1284.57,Fitness,43.77,720.87
USR813QZ,2025-01,Single-Tasker,18,5467.06,0.0,11157.61,prophet,increasing,145.2,-75.5,2,1,4,prophet,2733.53,2229.99,2.4,22296.25,2,high,Shopping,11216.84,5891.54,Housing and Utilities,4208.39,4208.39,Friend Activities,228.78,304.11
USR818nO,2025-01,Healthy Active User,23,16442.01,0.0,47221.01,prophet,increasing,142.8,-18.4,3,1,5,prophet,5480.67,6772.54,2.6,20149.08,3,high,Shopping,50718.83,28725.01,Gifts,381.91,454.88,Medical/Dental,481.35,618.45
USR821Id,2025-02,Single-Tasker,23,127.85,0.0,2010.26,prophet,decreasing,-87.8,0.3,2,1,3,prophet,63.92,1048.68,2.1,127.41,1,high,Housing and Utilities,1040.22,2324.56,Shopping,255.66,936.17,Travel,290.9,337.96
USR827NH,2025-10,Single-Tasker,24,5850.0,5850.0,5850.0,prophet,stable,0.0,0.0,1,1,1,prophet,5850.0,5850.0,1.0,5850.0,1,high,Finance,5850.0,5850.0,,,,,,
USR828eU,2025-02,Healthy Active User,22,0.0,0.0,35222.21,prophet,decreasing,-100.0,-100.0,3,1,4,prophet,0.0,8128.6,2.4,2559.01,3,high,Shopping,1375.14,33937.96,Gifts,1106.31,999.26,Friend Activities,322.72,232.56
USR829qO,2025-12,Low Activity/Trial,4,1912.36,0.0,4248.17,prophet,stable,-1.2,8708.7,24,0,49,prophet,79.68,1935.1,24.5,21.71,2,medium,Finance,1057.23,1408.41,Housing and Utilities,650.0,650.0,Other,295.1,243.54
USR831lM,2025-11,Single-Tasker,2,200.0,160.0,240.0,wma,stable,0.0,0.0,1,1,1,wma,200.0,200.0,1.0,200.0,1,low,Finance,200.0,200.0,,,,,,
USR832EJ,2025-01,Consistent Weekly,21,12421.6,0.0,35135.03,prophet,increasing,74.5,1073.1,3,1,5,prophet,4140.53,7118.88,2.5,1058.89,3,high,Shopping,34709.09,15969.29,Housing and Utilities,1097.22,1907.83,Fitness,561.83,629.59
USR834PN,2024-10,Consistent Weekly,20,381.85,0.0,2054.65,prophet,decreasing,-44.7,-0.9,2,1,3,prophet,190.93,690.21,2.1,385.2,2,high,Shopping,2036.03,2993.27,Travel,951.47,950.34,Transportation,446.95,308.56
USR840Fs,2025-02,Healthy Active User,21,665.33,0.0,1488.96,prophet,stable,4.1,-14.0,2,1,3,prophet,332.67,639.27,2.2,773.68,3,high,Fitness,673.3,397.0,Housing and Utilities,444.36,655.1,Gifts,319.9,405.84
USR840Il,2025-10,Single-Tasker,24,1000.0,1000.0,1000.0,prophet,stable,0.0,0.0,1,1,1,prophet,1000.0,1000.0,1.0,1000.0,1,high,Finance,1000.0,1000.0,,,,,,
USR841fP,2025-11,Single-Tasker,2,200.0,160.0,240.0,wma,stable,0.0,0.0,1,1,1,wma,200.0,200.0,1.0,200.0,1,low,Other,200.0,200.0,,,,,,
USR843Yq,2025-01,Single-Tasker,21,560.51,0.0,1935.05,prophet,decreasing,-31.6,334.7,2,0,3,prophet,280.25,818.92,2.4,128.95,1,high,Housing and Utilities,922.84,1353.2,Medical/Dental,646.8,690.95,Gifts,1251.53,881.96
USR844Xx,2025-12,Low Activity/Trial,4,2036.24,0.0,4502.99,prophet,stable,-4.6,8272.7,21,0,46,prophet,96.96,2135.14,24.5,24.32,2,medium,Other,1788.82,1807.68,Shopping,313.8,262.35,Housing and Utilities,148.2,123.93
USR844Zm,2025-11,Single-Tasker,25,534.4,408.84,655.04,prophet,decreasing,-10.4,497.8,5,4,7,prophet,106.88,596.34,5.8,89.4,1,high,Transportation,512.78,511.73,Groceries,89.4,89.4,Food and Dining,16.33,16.33
USR847Vu,2025-02,Single-Tasker,22,1026.13,0.0,3357.43,prophet,decreasing,-16.4,1974.2,2,0,4,prophet,513.07,1227.59,2.3,49.47,1,high,Shopping,2802.4,3132.13,Housing and Utilities,1093.3,1088.59,Fitness,334.79,657.2
USR847gv,2025-01,Single-Tasker,20,14809.84,0.0,45426.84,prophet,increasing,128.0,8058.3,2,1,4,prophet,7404.92,6496.69,2.6,181.53,3,high,Shopping,56977.53,38190.2,Personal Hygiene,1959.18,696.72,Gifts,609.99,446.74
USR848ei,2025-02,Single-Tasker,18,12403.19,0.0,27945.48,prophet,increasing,242.2,24499.7,3,2,4,prophet,4134.4,3624.36,2.2,50.42,1,high,Shopping,28683.32,14615.47,Medical/Dental,404.5,342.56,Travel,587.17,427.52
USR862eI,2025-02,Single-Tasker,21,1157.11,0.0,11518.82,prophet,decreasing,-59.8,542.4,2,0,4,prophet,578.55,2880.93,2.7,180.11,1,high,Shopping,38659.88,38659.88,Personal Hygiene,2416.7,1371.88,Housing and Utilities,146.51,1096.73
USR866Vy,2025-02,Single-Tasker,21,0.0,0.0,21327.33,prophet,decreasing,-100.0,-100.0,1,0,3,prophet,0.0,5592.14,2.0,7.13,1,high,Shopping,2612.64,18554.53,Medical/Dental,299.87,380.01,Fitness,404.6,384.7
USR869qe,2025-11,High-Intensity User,2,5897.42,4717.94,7076.91,wma,decreasing,-18.9,87.4,47,37,56,wma,125.48,7272.44,53.5,3147.4,33,low,Finance,3589.0,4329.5,Transportation,777.44,1082.66,Shopping,602.56,734.84
USR885po,2025-11,Single-Tasker,2,200.0,160.0,240.0,wma,stable,0.0,0.0,1,1,1,wma,200.0,200.0,1.0,200.0,1,low,Finance,200.0,200.0,,,,,,
USR885xH,2025-02,Single-Tasker,23,411.94,0.0,2038.03,prophet,decreasing,-47.9,-68.2,3,2,5,prophet,137.31,790.69,2.6,1297.38,2,high,Shopping,3906.27,3041.12,Housing and Utilities,636.99,1130.79,Medical/Dental,284.59,279.98
USR886vk,2025-02,Consistent Weekly,23,0.0,0.0,7648.0,prophet,decreasing,-100.0,-100.0,3,1,4,prophet,0.0,2615.73,2.0,692.85,2,high,Shopping,1039.02,9199.98,Fitness,912.87,1015.22,Travel,130.19,538.05
USR888CC,2025-11,Healthy Active User,25,3980.95,2415.26,5434.64,prophet,stable,-0.2,696.2,6,4,8,prophet,663.49,3990.72,5.8,500.0,1,high,Finance,2578.5,2690.61,Fitness,578.5,578.5,Food and Dining,500.0,521.74
USR888gq,2025-11,Single-Tasker,25,534.4,405.71,662.0,prophet,decreasing,-10.4,497.8,5,4,7,prophet,106.88,596.34,5.8,89.4,1,high,Transportation,512.78,511.73,Groceries,89.4,89.4,Food and Dining,16.33,16.33
USR895fU,2025-02,Consistent Weekly,21,28678.02,0.0,111343.64,prophet,increasing,57.4,15531.8,2,0,3,prophet,14339.01,18225.38,2.1,183.46,2,high,Shopping,132455.24,123946.92,Housing and Utilities,4243.23,4243.23,Fitness,338.12,595.9
USR896kh,2025-02,Single-Tasker,22,557.82,0.0,1292.14,prophet,stable,2.7,596.4,2,1,4,prophet,278.91,543.37,2.2,80.1,1,high,Gifts,847.9,997.35,Friend Activities,340.88,388.09,Fitness,416.0,432.6
USR900TT,2025-11,Single-Tasker,2,230.0,184.0,276.0,wma,stable,0.0,0.0,1,1,1,wma,230.0,230.0,1.0,230.0,1,low,Other,230.0,230.0,,,,,,
USR901Hl,2025-02,Single-Tasker,18,15983.68,0.0,82150.42,prophet,increasing,22.6,18397.5,2,1,4,prophet,7991.84,13033.09,2.7,86.41,1,high,Shopping,37001.79,73729.94,Housing and Utilities,1534.27,1168.21,Travel,570.61,397.98
USR907oy,2025-11,Healthy Active User,25,3980.95,2370.15,5558.55,prophet,stable,-0.2,696.2,6,4,8,prophet,663.49,3990.72,5.8,500.0,1,high,Finance,2578.5,2690.61,Fitness,578.5,578.5,Food and Dining,500.0,521.74
USR914Gc,2025-01,Healthy Active User,19,18224.72,0.0,39955.66,prophet,increasing,243.4,-79.4,3,0,5,prophet,6074.91,5307.08,2.7,88632.55,3,high,Shopping,44224.47,23410.29,Medical/Dental,317.86,260.44,Personal Hygiene,772.7,584.72
USR925Mf,2025-02,Consistent Weekly,19,1268.6,0.0,2696.12,prophet,increasing,42.0,-65.7,3,1,4,prophet,422.87,893.53,2.1,3701.15,2,high,Shopping,2141.36,1273.34,Housing and Utilities,584.42,1224.38,Fitness,581.25,709.66
USR926eP,2025-11,Single-Tasker,25,25.25,19.63,30.92,prophet,decreasing,-10.5,498.3,2,2,2,prophet,12.62,28.22,2.0,4.22,1,high,Finance,16.72,28.22,,,,,,
USR926hk,2025-02,Consistent Weekly,23,1021.48,0.0,3012.21,prophet,stable,-3.7,-75.6,2,1,3,prophet,510.74,1060.9,2.2,4183.38,1,high,Shopping,2563.44,2252.01,Fitness,659.13,990.46,Medical/Dental,552.91,481.03
USR932HS,2025-02,Single-Tasker,22,0.0,0.0,46627.74,prophet,decreasing,-100.0,-100.0,3,1,4,prophet,0.0,10202.6,2.5,151.74,1,high,Shopping,346.94,48463.82,Housing and Utilities,3083.99,3989.41,Travel,871.79,748.07
USR936rw,2025-02,Healthy Active User,20,4445.12,0.0,17419.23,prophet,increasing,63.4,1660.6,3,1,4,prophet,1481.71,2719.86,2.4,252.48,3,high,Shopping,21347.46,8986.37,Medical/Dental,678.65,776.7,Fitness,631.26,712.28
USR940yP,2025-11,Single-Tasker,25,25.25,19.64,31.14,prophet,decreasing,-10.5,498.3,2,2,2,prophet,12.62,28.22,2.0,4.22,1,high,Finance,16.72,28.22,,,,,,
USR944dh,2025-02,Single-Tasker,20,5418.23,0.0,97054.24,prophet,decreasing,-68.7,318.6,2,1,4,prophet,2709.11,17330.33,2.4,1294.4,1,high,Shopping,57045.07,84851.26,Friend Activities,131.02,261.13,Housing and Utilities,619.18,371.13
USR950fn,2025-11,Healthy Active User,25,3980.95,2439.54,5604.71,prophet,stable,-0.2,696.2,6,4,8,prophet,663.49,3990.72,5.8,500.0,1,high,Finance,2578.5,2690.61,Fitness,578.5,578.5,Food and Dining,500.0,521.74
USR951HI,2025-02,Consistent Weekly,23,867.96,0.0,2639.82,prophet,decreasing,-17.1,1996.0,3,2,4,prophet,289.32,1046.93,2.4,41.41,2,high,Shopping,2279.5,2627.34,Housing and Utilities,120.76,1352.45,Gifts,960.85,551.99
USR953VW,2025-02,Single-Tasker,21,11173.82,0.0,39426.27,prophet,increasing,65.7,75654.7,2,0,3,prophet,5586.91,6744.23,2.1,14.75,1,high,Shopping,15818.95,31458.71,Housing and Utilities,2934.21,2500.97,Travel,340.6,431.98
USR961UU,2025-01,Single-Tasker,22,2982.91,0.0,11596.46,prophet,increasing,45.5,5969.0,1,0,3,prophet,2982.91,2050.48,2.2,49.15,1,high,Shopping,12910.44,9495.38,Fitness,492.8,487.21,Friend Activities,177.69,202.41
USR964lF,2025-01,Single-Tasker,22,2585.24,118.96,4984.34,prophet,increasing,114.0,-66.8,4,2,5,prophet,646.31,1208.32,2.6,7775.58,3,high,Housing and Utilities,3718.04,2626.44,Shopping,7154.32,7154.32,Travel,287.08,392.51
USR964ub,2025-11,Healthy Active User,25,3980.95,2453.73,5456.0,prophet,stable,-0.2,696.2,6,4,8,prophet,663.49,3990.72,5.8,500.0,1,high,Finance,2578.5,2690.61,Fitness,578.5,578.5,Food and Dining,500.0,521.74
USR977PC,2025-02,Single-Tasker,21,6342.48,0.0,50264.87,prophet,decreasing,-16.8,21930.1,2,0,3,prophet,3171.24,7624.7,1.9,28.79,1,high,Shopping,26998.21,31322.18,Gifts,127.23,191.97,Fitness,857.99,857.99
USR978oc,2025-12,Low Activity/Trial,4,2048.24,0.0,4355.42,prophet,stable,-3.9,8322.0,21,0,44,prophet,97.54,2130.68,24.5,24.32,2,medium,Other,3141.32,2537.25,Shopping,215.41,222.88,Groceries,167.54,173.14
USR979Po,2025-01,Single-Tasker,19,574.65,43.74,1164.73,prophet,stable,0.3,116.4,2,0,3,prophet,287.32,572.87,2.3,265.5,1,high,Fitness,567.44,511.39,Gifts,786.96,556.16,Medical/Dental,395.08,379.35
USR980UY,2025-11,Consistent Weekly,19,3219.34,3217.53,3221.3,prophet,stable,0.0,-0.0,6,5,7,prophet,536.56,3217.97,5.3,3219.35,6,high,Finance,3210.0,3210.0,Food and Dining,8.73,7.97,,,
USR981Is,2025-02,Single-Tasker,19,7229.87,0.0,17903.05,prophet,increasing,145.5,52.7,2,1,3,prophet,3614.93,2945.24,2.4,4735.03,1,high,Shopping,8993.05,6460.23,Personal Hygiene,1174.17,745.78,Housing and Utilities,44.24,373.36
USR981sU,2025-10,Single-Tasker,24,1000.0,1000.0,1000.0,prophet,stable,0.0,0.0,1,1,1,prophet,1000.0,1000.0,1.0,1000.0,1,high,Finance,1000.0,1000.0,,,,,,
USR985cj,2025-01,Single-Tasker,24,0.0,0.0,53541.66,prophet,decreasing,-100.0,-100.0,2,1,4,prophet,0.0,14260.26,2.6,2097.91,2,high,Shopping,40713.57,54907.49,Housing and Utilities,1518.71,1524.75,Medical/Dental,220.71,404.05
USR986Sg,2025-11,Single-Tasker,25,25.25,19.4,31.31,prophet,decreasing,-10.5,498.3,2,2,2,prophet,12.62,28.22,2.0,4.22,1,high,Finance,16.72,28.22,,,,,,
USR989QU,2025-11,Single-Tasker,2,230.0,184.0,276.0,wma,stable,0.0,0.0,1,1,1,wma,230.0,230.0,1.0,230.0,1,low,Other,230.0,230.0,,,,,,
USR990MJ,2025-02,Healthy Active User,23,14316.43,0.0,60511.27,prophet,increasing,39.3,765.3,3,1,5,prophet,4772.14,10274.62,3.1,1654.58,3,high,Shopping,95590.73,43747.66,Gifts,323.26,610.21,Personal Hygiene,809.87,416.38
USR990wn,2025-02,Consistent Weekly,22,15537.27,0.0,36809.05,prophet,increasing,230.2,10378.3,2,1,3,prophet,7768.64,4705.28,2.5,148.28,2,high,Shopping,58003.33,43513.9,Housing and Utilities,3434.47,1674.84,Travel,385.4,399.55
USR992ZI,2025-11,Single-Tasker,2,200.0,160.0,240.0,wma,stable,0.0,0.0,1,1,1,wma,200.0,200.0,1.0,200.0,1,low,Other,200.0,200.0,,,,,,
USR993dr,2025-01,Consistent Weekly,20,155.39,0.0,762.57,prophet,decreasing,-68.1,-54.0,3,1,4,prophet,51.8,487.8,2.5,337.51,5,high,Fitness,379.46,536.5,Personal Hygiene,607.48,865.11,Gifts,214.66,160.72
USR996DQ,2025-02,Healthy Active User,21,1408.75,0.0,3287.72,prophet,increasing,26.4,277.0,3,1,4,prophet,469.58,1114.9,2.7,373.65,3,high,Housing and Utilities,1849.37,1263.62,Shopping,3167.74,2432.93,Gifts,2240.07,2058.18
