account_id,user_id,name,type,mask,balances_current,balances_available,currency_code
CUST_0159,USR601Ie,Diners Club / Carte Blanche,Checking,4545,5441.53,5441.53,USD
CUST_0017,USR784ar,VISA 13 digit,Checking,5584,5905.18,5905.18,USD
CUST_0094,USR821Id,Mastercard,Checking,7812,1941.35,1941.35,USD
CUST_0162,USR559Pi,Maestro,Savings,3880,4873.83,4873.83,USD
CUST_0129,USR200Qr,VISA 16 digit,Checking,8732,4669.34,4669.34,USD
CUST_0071,USR674rM,Discover,Checking,9250,1878.54,1878.54,USD
CUST_0165,USR240hY,VISA 16 digit,Savings,1308,1859.21,1859.21,USD
CUST_0147,USR778Dk,American Express,Checking,9862,2556.62,2556.62,USD
CUST_0116,USR546jz,Mastercard,Savings,9301,3230.87,3230.87,USD
CUST_0150,USR663xt,Discover,Savings,9093,5150.56,5150.56,USD
CUST_0048,USR661vO,JCB 16 digit,Checking,4410,8138.98,8138.98,USD
CUST_0110,USR451OQ,JCB 16 digit,Savings,7272,1948.59,1948.59,USD
CUST_0072,USR691Fc,Diners Club / Carte Blanche,Checking,6367,3383.49,3383.49,USD
CUST_0100,USR479Ei,JCB 15 digit,Checking,3166,3805.56,3805.56,USD
CUST_0199,USR581oW,Maestro,Savings,5203,9561.65,9561.65,USD
CUST_0008,USR847gv,JCB 16 digit,Savings,5828,2315.97,2315.97,USD
CUST_0065,USR759Fr,American Express,Savings,2792,8702.14,8702.14,USD
CUST_0136,USR689zf,VISA 16 digit,Checking,3829,1944.8,1944.8,USD
CUST_0023,USR007mU,VISA 16 digit,Savings,8379,564.48,564.48,USD
CUST_0193,USR491Th,Discover,Savings,1796,5847.74,5847.74,USD
CUST_0041,USR813QZ,VISA 13 digit,Savings,8627,3754.74,3754.74,USD
CUST_0190,USR343dk,Diners Club / Carte Blanche,Checking,5384,8581.51,8581.51,USD
CUST_0163,USR291BJ,Mastercard,Savings,7647,8416.34,8416.34,USD
CUST_0155,USR335Sx,Maestro,Savings,5613,9081.43,9081.43,USD
CUST_0064,USR818nO,VISA 19 digit,Checking,2555,4718.49,4718.49,USD
CUST_0021,USR375sC,VISA 16 digit,Savings,6615,1970.88,1970.88,USD
CUST_0050,USR271eY,American Express,Checking,5915,2373.05,2373.05,USD
CUST_0109,USR253Hy,JCB 15 digit,Checking,5958,1280.11,1280.11,USD
CUST_0156,USR944dh,Mastercard,Checking,8815,3230.22,3230.22,USD
CUST_0083,USR418ju,Maestro,Checking,1261,9831.78,9831.78,USD
CUST_0180,USR896kh,Diners Club / Carte Blanche,Checking,9873,7594.49,7594.49,USD
CUST_0028,USR961UU,Mastercard,Checking,2625,6910.58,6910.58,USD
CUST_0140,USR324Nf,VISA 13 digit,Checking,4572,7786.15,7786.15,USD
CUST_0038,USR500hm,JCB 15 digit,Checking,8186,7400.45,7400.45,USD
CUST_0191,USR539EC,JCB 16 digit,Savings,3368,3076.92,3076.92,USD
CUST_0001,USR053xd,Mastercard,Savings,283,8402.82,8402.82,USD
CUST_0073,USR082ip,Discover,Checking,3980,4551.7,4551.7,USD
CUST_0107,USR721Xc,VISA 16 digit,Savings,7512,8860.2,8860.2,USD
CUST_0058,USR242VN,JCB 15 digit,Checking,3528,1076.77,1076.77,USD
CUST_0043,USR598GE,VISA 16 digit,Savings,3957,8629.3,8629.3,USD
CUST_0145,USR511YG,Maestro,Savings,3775,6672.64,6672.64,USD
CUST_0042,USR360hy,JCB 16 digit,Savings,8659,1810.65,1810.65,USD
CUST_0046,USR430vt,JCB 16 digit,Checking,5386,7298.6,7298.6,USD
CUST_0011,USR244Uu,Maestro,Savings,5022,3430.64,3430.64,USD
CUST_0024,USR478AY,Maestro,Checking,6607,7543.37,7543.37,USD
CUST_0130,USR215xz,VISA 16 digit,Checking,364,9179.34,9179.34,USD
CUST_0057,USR247kd,JCB 16 digit,Savings,3028,2039.21,2039.21,USD
CUST_0091,USR207DW,American Express,Checking,2398,7305.84,7305.84,USD
CUST_0030,USR258us,Diners Club / Carte Blanche,Savings,2320,3418.21,3418.21,USD
CUST_0053,USR534tr,VISA 16 digit,Savings,121,1283.68,1283.68,USD
CUST_0027,USR139BK,Discover,Savings,5804,8607.72,8607.72,USD
CUST_0063,USR465GL,Discover,Checking,3768,1364.68,1364.68,USD
CUST_0132,USR628KZ,VISA 13 digit,Savings,6827,542.38,542.38,USD
CUST_0022,USR726Lh,VISA 13 digit,Checking,9177,797.38,797.38,USD
CUST_0182,USR423EB,VISA 16 digit,Checking,4309,4881.4,4881.4,USD
CUST_0188,USR380Yw,Discover,Savings,9208,2346.43,2346.43,USD
CUST_0154,USR653TK,American Express,Checking,8148,5750.4,5750.4,USD
CUST_0122,USR271Yo,VISA 16 digit,Checking,7769,8216.73,8216.73,USD
CUST_0096,USR574tK,VISA 19 digit,Savings,5358,8225.0,8225.0,USD
CUST_0104,USR572qw,Mastercard,Checking,7678,4706.13,4706.13,USD
CUST_0076,USR925Mf,Maestro,Checking,558,1241.88,1241.88,USD
CUST_0126,USR201Zu,Diners Club / Carte Blanche,Savings,5372,8376.62,8376.62,USD
CUST_0194,USR425DX,JCB 16 digit,Checking,3706,1496.64,1496.64,USD
CUST_0035,USR388wJ,VISA 19 digit,Checking,5336,5162.39,5162.39,USD
CUST_0033,USR068Xr,American Express,Savings,8025,8473.93,8473.93,USD
CUST_0195,USR223cE,JCB 16 digit,Savings,2951,5764.47,5764.47,USD
CUST_0115,USR031uI,American Express,Savings,4197,6108.69,6108.69,USD
CUST_0002,USR151Xg,JCB 16 digit,Savings,2550,6705.29,6705.29,USD
CUST_0112,USR013pA,American Express,Savings,438,9264.23,9264.23,USD
CUST_0066,USR579jO,VISA 16 digit,Savings,2161,8105.09,8105.09,USD
CUST_0020,USR621BM,VISA 19 digit,Savings,1795,4513.73,4513.73,USD
CUST_0077,USR592gD,Maestro,Checking,1311,9922.81,9922.81,USD
CUST_0146,USR140si,JCB 16 digit,Savings,6371,185.36,185.36,USD
CUST_0197,USR596jh,Discover,Savings,6481,5472.21,5472.21,USD
CUST_0198,USR691El,American Express,Savings,7024,980.22,980.22,USD
CUST_0164,USR062rU,VISA 19 digit,Checking,938,3355.82,3355.82,USD
CUST_0121,USR628kq,VISA 16 digit,Checking,8809,9484.07,9484.07,USD
CUST_0070,USR421bB,VISA 16 digit,Savings,4116,5395.49,5395.49,USD
CUST_0052,USR376hP,Diners Club / Carte Blanche,Checking,4505,552.15,552.15,USD
CUST_0185,USR001YL,VISA 16 digit,Savings,828,2485.8,2485.8,USD
CUST_0047,USR756hT,VISA 13 digit,Savings,8886,6414.96,6414.96,USD
CUST_0189,USR148zM,Maestro,Savings,3529,835.18,835.18,USD
CUST_0176,USR496UB,Mastercard,Savings,8766,937.16,937.16,USD
CUST_0004,USR739ei,Mastercard,Checking,7482,6108.44,6108.44,USD
CUST_0103,USR461nX,VISA 16 digit,Checking,5095,3501.81,3501.81,USD
CUST_0005,USR313nW,JCB 16 digit,Savings,8128,4204.18,4204.18,USD
CUST_0007,USR626gZ,American Express,Savings,8015,4762.86,4762.86,USD
CUST_0135,USR746kv,VISA 13 digit,Savings,5472,7907.84,7907.84,USD
CUST_0010,USR632NW,JCB 16 digit,Checking,8489,9169.96,9169.96,USD
CUST_0143,USR765RD,JCB 15 digit,Savings,7360,7564.59,7564.59,USD
CUST_0036,USR756uA,Maestro,Savings,4041,8678.7,8678.7,USD
CUST_0160,USR619km,JCB 15 digit,Savings,5517,2295.47,2295.47,USD
CUST_0018,USR040Ko,VISA 16 digit,Savings,7454,9826.42,9826.42,USD
CUST_0184,USR268Dy,VISA 19 digit,Checking,8863,1900.34,1900.34,USD
CUST_0120,USR708ic,VISA 19 digit,Checking,5759,2654.66,2654.66,USD
CUST_0178,USR737zJ,JCB 16 digit,Checking,7734,4632.69,4632.69,USD
CUST_0045,USR074qk,JCB 16 digit,Checking,9503,9437.86,9437.86,USD
CUST_0026,USR552iz,Diners Club / Carte Blanche,Checking,5638,7329.36,7329.36,USD
CUST_0074,USR383GT,JCB 15 digit,Savings,7837,4923.5,4923.5,USD
CUST_0102,USR605Px,Discover,Checking,472,7403.46,7403.46,USD
CUST_0039,USR494kt,Mastercard,Savings,4585,4858.36,4858.36,USD
CUST_0014,USR774PR,JCB 16 digit,Checking,1657,4931.36,4931.36,USD
CUST_0142,USR990MJ,Diners Club / Carte Blanche,Savings,1849,9766.66,9766.66,USD
CUST_0123,USR651Yc,Mastercard,Checking,6258,657.09,657.09,USD
CUST_0114,USR996DQ,Mastercard,Checking,1214,2780.27,2780.27,USD
CUST_0034,USR270YP,VISA 16 digit,Checking,8899,9733.0,9733.0,USD
CUST_0111,USR605nX,JCB 16 digit,Checking,4662,9978.65,9978.65,USD
CUST_0092,USR793Ca,Diners Club / Carte Blanche,Savings,4643,7235.56,7235.56,USD
CUST_0093,USR100df,Discover,Savings,6326,1343.36,1343.36,USD
CUST_0183,USR840Fs,Maestro,Checking,7393,5456.52,5456.52,USD
CUST_0090,USR472to,Maestro,Checking,2389,8489.06,8489.06,USD
CUST_0108,USR847Vu,American Express,Checking,1191,3418.65,3418.65,USD
CUST_0075,USR932HS,JCB 16 digit,Checking,7611,8491.0,8491.0,USD
CUST_0187,USR646Eg,American Express,Savings,1466,3456.1,3456.1,USD
CUST_0113,USR258SD,Diners Club / Carte Blanche,Savings,6436,7832.87,7832.87,USD
CUST_0196,USR465Of,Diners Club / Carte Blanche,Savings,3350,9981.91,9981.91,USD
CUST_0105,USR556jk,VISA 13 digit,Checking,5155,6905.19,6905.19,USD
CUST_0106,USR886vk,VISA 19 digit,Savings,2445,1609.48,1609.48,USD
CUST_0086,USR372Mt,VISA 19 digit,Savings,1641,4960.56,4960.56,USD
CUST_0127,USR834PN,VISA 19 digit,Savings,818,7700.56,7700.56,USD
CUST_0161,USR129NG,VISA 19 digit,Savings,4471,2962.7,2962.7,USD
CUST_0170,USR401fn,VISA 19 digit,Checking,718,9993.36,9993.36,USD
CUST_0167,USR297tJ,VISA 19 digit,Savings,2341,5411.42,5411.42,USD
CUST_0172,USR993dr,VISA 16 digit,Checking,2314,5778.62,5778.62,USD
CUST_0168,USR249de,Maestro,Checking,4574,8508.63,8508.63,USD
CUST_0128,USR862eI,American Express,Savings,8873,8441.66,8441.66,USD
CUST_0068,USR489ka,VISA 16 digit,Checking,5034,1624.34,1624.34,USD
CUST_0012,USR936rw,Mastercard,Checking,6406,8845.47,8845.47,USD
CUST_0056,USR981Is,Discover,Checking,5472,8571.52,8571.52,USD
CUST_0186,USR169XO,VISA 16 digit,Checking,3408,2743.63,2743.63,USD
CUST_0087,USR885xH,JCB 15 digit,Checking,4016,3129.45,3129.45,USD
CUST_0025,USR104NK,Maestro,Savings,7269,3914.44,3914.44,USD
CUST_0016,USR828eU,JCB 16 digit,Checking,4663,9956.68,9956.68,USD
CUST_0037,USR689HM,Maestro,Checking,4245,1466.08,1466.08,USD
CUST_0125,USR654ba,Discover,Checking,696,3200.28,3200.28,USD
CUST_0099,USR725fj,VISA 16 digit,Checking,3453,6394.1,6394.1,USD
CUST_0013,USR703am,VISA 16 digit,Savings,1574,8073.91,8073.91,USD
CUST_0060,USR704Np,JCB 16 digit,Checking,3044,805.08,805.08,USD
CUST_0173,USR990wn,Maestro,Checking,1344,4674.44,4674.44,USD
CUST_0081,USR557yC,JCB 16 digit,Checking,8438,6598.85,6598.85,USD
CUST_0069,USR165jr,VISA 16 digit,Savings,9827,3688.09,3688.09,USD
CUST_0158,USR203qJ,VISA 19 digit,Savings,9020,3792.35,3792.35,USD
CUST_0009,USR677Eb,American Express,Savings,5063,1103.32,1103.32,USD
CUST_0078,USR848ei,Maestro,Savings,4364,9593.09,9593.09,USD
CUST_0055,USR718eU,VISA 13 digit,Checking,4308,4254.8,4254.8,USD
CUST_0152,USR162th,Maestro,Checking,7214,9391.43,9391.43,USD
CUST_0169,USR279gH,VISA 16 digit,Checking,6223,2110.52,2110.52,USD
CUST_0133,USR066Hw,VISA 16 digit,Checking,6122,7126.93,7126.93,USD
CUST_0138,USR139QE,Maestro,Checking,8114,9753.51,9753.51,USD
CUST_0144,USR317Xw,JCB 15 digit,Checking,2665,9714.97,9714.97,USD
CUST_0049,USR866Vy,Maestro,Savings,1516,892.06,892.06,USD
CUST_0098,USR672oM,Mastercard,Savings,5493,9184.34,9184.34,USD
CUST_0054,USR437KX,VISA 16 digit,Savings,5691,9373.08,9373.08,USD
CUST_0062,USR415QQ,JCB 16 digit,Checking,1917,7791.69,7791.69,USD
CUST_0003,USR332Yp,JCB 16 digit,Savings,682,2504.65,2504.65,USD
CUST_0019,USR598Hk,Diners Club / Carte Blanche,Checking,6879,9642.0,9642.0,USD
CUST_0051,USR726VM,JCB 16 digit,Savings,229,1148.22,1148.22,USD
CUST_0151,USR059hG,JCB 16 digit,Checking,9097,7646.76,7646.76,USD
CUST_0131,USR843Yq,Mastercard,Checking,3051,8460.73,8460.73,USD
CUST_0095,USR473tw,JCB 16 digit,Checking,6448,1171.82,1171.82,USD
CUST_0082,USR146jK,VISA 13 digit,Savings,123,4704.08,4704.08,USD
CUST_0179,USR785nU,VISA 16 digit,Savings,5094,6658.35,6658.35,USD
CUST_0040,USR102Ib,VISA 13 digit,Checking,5998,1427.52,1427.52,USD
CUST_0177,USR350bh,Maestro,Savings,8830,3389.31,3389.31,USD
CUST_0085,USR331Xb,JCB 16 digit,Savings,2704,9407.16,9407.16,USD
CUST_0171,USR723TN,Diners Club / Carte Blanche,Checking,2806,6470.11,6470.11,USD
CUST_0137,USR395Ke,Maestro,Savings,1049,4591.05,4591.05,USD
CUST_0032,USR421oQ,American Express,Checking,2697,1770.58,1770.58,USD
CUST_0089,USR698Vo,Diners Club / Carte Blanche,Checking,3655,1979.69,1979.69,USD
CUST_0015,USR951HI,JCB 15 digit,Checking,5496,7681.15,7681.15,USD
CUST_0141,USR495Vi,Maestro,Savings,9272,6720.12,6720.12,USD
CUST_0029,USR466ol,American Express,Savings,2927,2258.55,2258.55,USD
CUST_0080,USR298ko,Diners Club / Carte Blanche,Savings,8136,6073.33,6073.33,USD
CUST_0174,USR914Gc,JCB 15 digit,Savings,683,4062.81,4062.81,USD
CUST_0044,USR310Wm,JCB 16 digit,Savings,1791,9217.51,9217.51,USD
CUST_0088,USR199CW,American Express,Checking,8212,6009.97,6009.97,USD
CUST_0175,USR538ia,VISA 16 digit,Savings,1846,9866.45,9866.45,USD
CUST_0124,USR272Ng,Discover,Checking,8870,8696.91,8696.91,USD
CUST_0061,USR757AI,JCB 16 digit,Checking,1498,1050.76,1050.76,USD
CUST_0200,USR895fU,Maestro,Checking,2178,6848.48,6848.48,USD
CUST_0067,USR009qR,VISA 16 digit,Savings,4677,8095.09,8095.09,USD
CUST_0149,USR197Mx,VISA 16 digit,Savings,2165,6747.75,6747.75,USD
CUST_0006,USR926hk,VISA 19 digit,Checking,2151,7687.82,7687.82,USD
CUST_0059,USR832EJ,VISA 13 digit,Checking,1705,8531.87,8531.87,USD
CUST_0181,USR803YO,JCB 15 digit,Checking,6334,4214.95,4214.95,USD
CUST_0118,USR489hA,Mastercard,Checking,3597,3133.67,3133.67,USD
CUST_0101,USR587rm,JCB 16 digit,Checking,7156,3603.04,3603.04,USD
CUST_0097,USR103fp,Mastercard,Checking,2713,3238.99,3238.99,USD
CUST_0157,USR710BJ,Mastercard,Savings,1376,1464.19,1464.19,USD
CUST_0079,USR964lF,VISA 16 digit,Checking,7707,2503.87,2503.87,USD
CUST_0139,USR901Hl,American Express,Savings,1701,2502.25,2502.25,USD
CUST_0166,USR157Ok,VISA 13 digit,Savings,3501,380.72,380.72,USD
CUST_0148,USR640RH,JCB 16 digit,Checking,6603,9467.61,9467.61,USD
CUST_0192,USR953VW,Mastercard,Savings,6709,984.57,984.57,USD
CUST_0084,USR155Ld,Maestro,Checking,9632,6003.62,6003.62,USD
CUST_0031,USR979Po,VISA 13 digit,Savings,1463,1827.89,1827.89,USD
CUST_0134,USR977PC,VISA 16 digit,Savings,575,6549.5,6549.5,USD
CUST_0117,USR985cj,VISA 13 digit,Savings,2296,8477.95,8477.95,USD
CUST_0153,USR548Uw,JCB 16 digit,Checking,3009,1546.46,1546.46,USD
CUST_0119,USR321bf,JCB 16 digit,Savings,7242,3529.41,3529.41,USD
7BD8PmlNy9S5vXPvqbgWTxzwMGkp9EcdbMK8o,USR329IV,Plaid Checking,checking depository,0,110.0,100.0,USD
eoWb631DemtnG5MGWQJKtXvGPo6adeirv7law,USR470Uv,Plaid Saving,savings depository,1111,210.0,200.0,USD
QKD9z6mAP3ugeqEeWZvyTjBa1y4n9LfwP3WG8,USR557Nb,Plaid CD,cd depository,2222,1000.0,,USD
ZNWdb6eAzmsEk4akbWvMTgVx3Z1ARQuearDJ5,USR888CC,Plaid Credit Card,credit card credit,3333,410.0,,USD
MADEl6oVdKtk9W49Lo3xsa9JLEjRwBULXe84K,USR101Ec,Plaid Money Market,money market depository,4444,43200.0,43200.0,USD
1GEPJ5mB79tl7eM7DmLnfr5m8wEGXqCp9ZGqk,USR277yT,Plaid IRA,ira investment,5555,320.76,,USD
LWDgM6owxqtZbnNb14BvTdbAXxRMkVik6lyeQ,USR890mz,Plaid 401k,401k investment,6666,23631.9805,,USD
pznagZ9mkWhbEVMEx6ANu5brjnBzx1uplENJg,USR346Lq,Plaid Student Loan,student loan,7777,65262.0,,USD
ornxbQ9odwhLGEPG3DmMTNLMKyVrbaioQknpD,USR587Gv,Plaid Mortgage,mortgage loan,8888,56302.06,,USD
g8Wvpdk6lmTGEnME9rAgsmy9wBQbVDUEN4QLJ,USR542bK,Plaid HSA,hsa depository,9001,6009.0,6009.0,USD
83EW6AqPy9tZwJkwXo9aTvjkayNedQiW7KVZR,USR037Lk,Plaid Cash Management,cash management depository,9002,12060.0,12060.0,USD
E1Da7bvWlkFJkxokPQApfqZmXPQwy6T489PgA,USR076aO,Plaid Business Credit Card,credit card credit,9999,5020.0,4980.0,USD
83rVqGRwKGh7BEQrErMNSvjLKd1WXAuW1ZvRr,USR542rd,Plaid Checking,checking depository,0,110.0,100.0,USD
E1QEv4rNe4tBEvZGvGLaIqZRgyGejrt4RgZMV,USR628FF,Plaid Saving,savings depository,1111,210.0,200.0,USD
LWkyoZbjlZhxaARKAKwGFdbypNjJn8tkQegmq,USR981sU,Plaid CD,cd depository,2222,1000.0,,USD
pzBp9VXLwVIo1v9kvk48S5bEdKakRZhprJ9qX,USR138nO,Plaid Credit Card,credit card credit,3333,410.0,,USD
orzN9VLXEVTpyaJkak48UNLkpBxAmdCoMp4PA,USR352dx,Plaid Money Market,money market depository,4444,43200.0,43200.0,USD
g8gZkVJA9VIjzm1NmNdVHmy4dZ7JNosEVLjGd,USR465JE,Plaid IRA,ira investment,5555,320.76,,USD
83rVqGRwKGh7BEQrErMNSvjqGKVmPJCW1ZvRE,USR637Ps,Plaid 401k,401k investment,6666,23631.9805,,USD
E1QEv4rNe4tBEvZGvGLaIqZx9gApDBC4RgZMv,USR958Ub,Plaid Student Loan,student loan,7777,65262.0,,USD
WdxgzG48NGhZn7e676bXS1WMgwjrvAt69Po5d,USR432HO,Plaid Mortgage,mortgage loan,8888,56302.06,,USD
AePbp39QN3ixvbgAbAmlFyAN5aPG3wF9j4Rkn,USR600iP,Plaid HSA,hsa depository,9001,6009.0,6009.0,USD
GpMBoPk3ZPInGwkMwM8dCrK5Zy61JaC6BGJLD,USR702jw,Plaid Cash Management,cash management depository,9002,12060.0,12060.0,USD
nKr1wVJpEVsLjEB8E8QvSpdKM7vL3jfAe3PXx,USR967NT,Plaid Business Credit Card,credit card credit,9999,5020.0,4980.0,USD
DWz3rdP35Bi5klxAKN9Vsl8N6JmZegCdmdeBo,USR761gu,Plaid Checking,checking depository,0,110.0,100.0,USD
VQy8XNb85qF5JMjZDX1gsMRBn164kQIlblkXm,USR940yP,Plaid Saving,savings depository,1111,210.0,200.0,USD
wpXBz8WBjqSVPlg3579ZunLjxB1Qb4CMAM9x9,USR721Sq,Plaid CD,cd depository,2222,1000.0,,USD
5NMZw9vZg5IEo8l9PLzmSBgRe7aEdoiJzJVAl,USR051Ap,Plaid Credit Card,credit card credit,3333,410.0,,USD
AgkrlBarRKfZLznP7dV5uyqBJ56Lw7uMRMwlm,USR525bL,Plaid Money Market,money market depository,4444,43200.0,43200.0,USD
GqxaGNea5du5yrxWQ7mzsrxglZmQaPuwJw9XL,USR981TN,Plaid IRA,ira investment,5555,320.76,,USD
nPQoX8ZozASKN56JzkoXHp4mAMyZjEFDPDkN7,USR375UA,Plaid 401k,401k investment,6666,23631.9805,,USD
blz4amB4JyU4m538BPRZHzynBg8PZKFPgPL1g,USR668BV,Plaid Student Loan,student loan,7777,65262.0,,USD
mNXpe8QpkAIqmrDjkzGZHW497Bb3DNHkRkjn7,USR056dz,Plaid Mortgage,mortgage loan,8888,56302.06,,USD
ygWxa8GxerfjV8Xr3va7uK8lR5E6zdCMkMdby,USR678Jt,Plaid HSA,hsa depository,9001,6009.0,6009.0,USD
9eMpv9qpA6Ia6znZolveSkQlD7b9yLiBzB8w4,USR745Bz,Plaid Cash Management,cash management depository,9002,12060.0,12060.0,USD
GqxaGNea5du5yrxWQ7mzsrxgyAlBMaiwJw9XG,USR625kR,Plaid Business Credit Card,credit card credit,9999,5020.0,4980.0,USD
y4zENX7nR7UXKB76ZznycK8re41kjZH43qJnp,USR398kh,Plaid Checking,checking depository,0,110.0,100.0,CAD
9PNm1azEjzSnKAe8E1gyHkQNer64Xjh4GW7yJ,USR986Sg,Plaid Saving,savings depository,1111,210.0,200.0,CAD
vx9odwNnJNsXWKylDRepcWJ39gml8Gtqz3Le4,USR272FG,Plaid CD,cd depository,2222,1000.0,,CAD
RzXpdaKDAKT6XdpVGPNzt7MmxKDQGpsalv6k6,USR907oy,Plaid Credit Card,credit card credit,3333,410.0,,CAD
6aNGQ3qE4qUPgAlJyZ6kce3lG1PEQLu89oEKV,USR678LY,Plaid Money Market,money market depository,4444,43200.0,43200.0,CAD
X4EA7edWRdUdo78QKEZ4cw5JbRzrKeHb6W7jo,USR626bp,Plaid TFSA,tfsa investment,5555,320.76,,CAD
DgjkbLeDGeCxGbVdaremfl8DEkMydbc3wPARy,USR030tI,Plaid RRSP,rrsp investment,6666,23631.9805,,CAD
VdGEPj3Dm3SjrPgaNoedfMR8P5e9NEu9m8jgK,USR703hK,Plaid Student Loan,student loan,7777,65262.0,,CAD
wd9kaGPm1PSgqyZR6D1EHnL3Mdzmo9fPN74Zk,USR401gL,Plaid Mortgage,mortgage loan,8888,56302.06,,CAD
5dGAeBlmalSlGAmV1WnbuBgQvn19rMf5wPaK9,USR277dW,Plaid HSA,hsa depository,9001,6009.0,6009.0,CAD
JnRjlqpDWpHxJlm6Rgref3aLmnP8R6iB4rl69,USR514qc,Plaid Cash Management,cash management depository,9002,12060.0,12060.0,CAD
knjN96lWolHAaMdmblxQh4MAWXNdk1iLQV46e,USR259ou,Plaid Business Credit Card,credit card credit,9999,5020.0,4980.0,CAD
axyMQ495qoHdAEr9mlx1HWgnm3Bp7DFowzjGM,USR340wo,Plaid Current Account,checking depository,0,110.0,100.0,GBP
4qjK1BGoWMtop63wjG14Szo1G4gAQvC9zZ6EK,USR471zI,Plaid Saving,savings depository,1111,210.0,200.0,GBP
jQXAv1Pl4wt7yxaKBdQLSW1BDkV76AFxdBNby,USR514Mj,Plaid Business Current Account,checking depository,2222,1205.0,1100.0,GBP
NkbGJmg5ZAhzWL1AZn9XI4WKwGqvepuodglNb,USR486wN,Plaid Credit Card,credit card credit,3333,410.0,,GBP
PnXqJ9o51mS3ldKqve6zsPMqgx981pt8a9xmE,USR707cn,Plaid Mortgage,mortgage loan,8888,56302.06,,GBP
7z3BodlEn8UAXPLpm5KVUxEoyGJnMBF6PmEVg,USR229Pm,Plaid Business Credit Card,credit card credit,9999,5020.0,4980.0,GBP
bKb6gqA5xvha7zrXERewszywp9ZJjZfmbE3Bp,USR844Zm,Plaid Checking,checking depository,0,110.0,100.0,USD
mjlgbPz45dFBK74poGMPhW4PeKDxADugy9ArD,USR001ul,Plaid Saving,savings depository,1111,210.0,200.0,USD
yEPM5pQoVLCgz5D4EaylsK8L1pzqgzI46oDgQ,USR333eC,Plaid CD,cd depository,2222,1000.0,,USD
9mbdKZLl8QtW1DG47vydTkQK6PyvGyU4xkEKW,USR964ub,Plaid Credit Card,credit card credit,3333,410.0,,USD
voaMAkj1qZFwRqrx15pLhWJLm4MvVMuq6gXwj,USR827NH,Plaid Money Market,money market depository,4444,43200.0,43200.0,USD
Rp7Qo9NE8vuLPDe9Kvzgs7MrDkjAejhapwGZ9,USR871gH,Plaid IRA,ira investment,5555,320.76,,USD
6GAed7ZVgjCGZ4RWbmkNHe34Pz7m97S8Dmxzl,USR704Hs,Plaid 401k,401k investment,6666,23631.9805,,USD
XALgB9Zm8vTkEwP9Az4yHw5ozAg9GghbK9xD6,USR566Ig,Plaid Student Loan,student loan,7777,65262.0,,USD
Dkl1VvmN8AFnr17qW9myCl87M1e95ef3W7XZe,USR272eU,Plaid Mortgage,mortgage loan,8888,56302.06,,USD
VEMar9enWvCvoB6QA1dECMRaezkgDki9gonD1,USR971nl,Plaid HSA,hsa depository,9001,6009.0,6009.0,USD
wk4bJo7LKMFBDzbjo9ENhnLNzyb8wbtPZ3lQ8,USR575ro,Plaid Cash Management,cash management depository,9002,12060.0,12060.0,USD
5AW46jQDoPTQWyXN7zbxhBgw1Wdz3dc5Kbp6E,USR464Az,Plaid Business Credit Card,credit card credit,9999,5020.0,4980.0,USD
xlJDNAq6NotDawz9vPjZUDvBjwm8N3fQzjpRJ,USR264Ys,Plaid Checking,checking depository,0,110.0,100.0,USD
dErMyxXRyKTBXjlmwW8VHP7AeLyNvMiXbK5x6,USR263pz,Plaid Saving,savings depository,1111,210.0,200.0,USD
apl6nzXRnAuGrmdBJveVUWgGEz8Qp5HXEwlxP,USR840Il,Plaid CD,cd depository,2222,1000.0,,USD
4LPnE9bAE4uv3joBQExXizor3e76ARcmvzNw9,USR950fn,Plaid Credit Card,credit card credit,3333,410.0,,USD
NK984oNL4dHd1Zzva5KbH4WNx3DbvZFVGdBqV,USR562FO,Plaid Money Market,money market depository,4444,43200.0,43200.0,USD
PzwkP8WLP4tRKv3Bw5JyhPMmwZj48diKeaBrj,USR214bO,Plaid IRA,ira investment,5555,320.76,,USD
jEaLDj5RDdTWaB7jmA5vIW1gb9Pv7EHQ7dz8l,USR355WP,Plaid 401k,401k investment,6666,23631.9805,,USD
7qeRG6bgGjtJLmAaBEZ4cxEbpWRdnrfw5PAKV,USR707rn,Plaid Student Loan,student loan,7777,65262.0,,USD
eEzM9dXR9rTERkPxqjyVUXenamDxp3txbQRlR,USR229Dn,Plaid Mortgage,mortgage loan,8888,56302.06,,USD
QBkpjEMRjNfV48x1D5dXhjLAnVdX8oFjgX4WN,USR194uB,Plaid HSA,hsa depository,9001,6009.0,6009.0,USD
Z7JEovMkoLsBDwQ5NK1VHgQkAabmvLfxEpADd,USR071ef,Plaid Cash Management,cash management depository,9002,12060.0,12060.0,USD
Mqmgap4naxt8vnryB56wCaBZRzNMdxImWvw8a,USR998yq,Plaid Business Credit Card,credit card credit,9999,5020.0,4980.0,USD
688qEydPQgC6LmwDnX1lUeGaNr8LP7ikqdjQ9,USR869qe,Plaid Current Account,checking depository,0,110.0,100.0,GBP
X55dWKBM78hZNz6xRV38Hwbma7BezgUJrepkg,USR024KD,Plaid Saving,savings depository,1111,210.0,200.0,GBP
wjjPmQJpaKu1L9dAwx3ZUnM1VRj9zbuMaWAza,USR661QD,Plaid Business Current Account,checking depository,2222,1205.0,1100.0,GBP
D55eDyVWb8heZ9pJ3XAVUlEmrqNbMefdr6mND,USR006To,Plaid Credit Card,credit card credit,3333,410.0,,GBP
V553DkrQPWheG1487wZgUMP6ryBEekclvKbQr,USR785BT,Plaid Mortgage,mortgage loan,8888,56302.06,,GBP
5gglmy6NeoFnez6p5J9mcBva8pRM1dFJENzX4,USR154xS,Plaid Business Credit Card,credit card credit,9999,5020.0,4980.0,GBP
Wjvndjx55pfLel7mqdKdI1jqAkoKkEs6QADdw,USR273gg,Plaid Checking,checking depository,0,110.0,100.0,USD
AA8XeAPRR4IdgLbMXaQaHyPpwvjQvBF9xKdbo,USR507pL,Plaid Saving,savings depository,1111,210.0,200.0,USD
G9vXp9M55Rf7kywpbeReIr6pabe3bgf67rQV8,USR305BD,Plaid CD,cd depository,2222,1000.0,,USD
nladKlrzzbtkBNE7RbrbspvnjxRPxmtAMpnaZ,USR002SI,Plaid Credit Card,credit card credit,3333,410.0,,USD
bkvn1kMJJwfPMmzJj171Sz6wZrjlrnCm6ydRB,USR718AA,Plaid Money Market,money market depository,4444,43200.0,43200.0,USD
mRdxqRKkkaFz5m7wAbKbcWRPDvAGv9HgQwWGk,USR779vk,Plaid IRA,ira investment,5555,320.76,,USD
yNL1jN7eeDivZV5A1pzpIKaLzDgVDli48LlJp,USR738SY,Plaid 401k,401k investment,6666,23631.9805,,USD
91QXx1zAA5TlE6Dm9q1qckzKyEGpEli49b57J,USR722lH,Plaid Student Loan,student loan,7777,65262.0,,USD
vdZQ4dNPP3tjDaqQn7R7hW5LMZVwZaHqZ4EL4,USR525Mo,Plaid Mortgage,mortgage loan,8888,56302.06,,USD
RdvnrdK55ZtJGWDkwrPrH7Zrjoe4oJSaorB66,USR664JN,Plaid HSA,hsa depository,9001,6009.0,6009.0,USD
6QjDzQq88Ls5yV4zn8Z8seq47d9wd8H8PMyEV,USR281jP,Plaid Cash Management,cash management depository,9002,12060.0,12060.0,USD
X7vJa7d55QtBKewvRmEmTw3ogEGvEBhbvz37o,USR143dp,Plaid Business Credit Card,credit card credit,9999,5020.0,4980.0,USD
jEN6PyxmJ3h97Grk641KTWRZoXnNP1CQ4W4wj,USR101Wd,Plaid Checking,checking depository,0,110.0,100.0,USD
7qmNlZw5avtvAlzbekophxKm6Nz4REFwQJQjz,USR926eP,Plaid Saving,savings depository,1111,210.0,200.0,USD
eE3D1AKxP4hGPr6QXBlwsXM79AvkDefxD9DEy,USR671AL,Plaid CD,cd depository,2222,1000.0,,USD
QB6Amx8GXQSex7bZkLrwUjmvQwBrdLijomozk,USR032gM,Plaid Credit Card,credit card credit,3333,410.0,,USD
Z76AeQ9y8wHkQzrWgdpjsgGrynVPbQsxLqLzg,USR510PJ,Plaid Money Market,money market depository,4444,43200.0,43200.0,USD
Mq6VorLNj9t9r7doKAzeTaGKeo9VNBUmx6xzL,USR681MW,Plaid IRA,ira investment,5555,320.76,,USD
1Z5BmNvM4rs7or3mVR6bhrZd9n5vBqiD7j73q,USR550Li,Plaid 401k,401k investment,6666,23631.9805,,USD
Ll6woK1N4GHbKya4AkXrTdjyWBbZPVi38j8ol,USR313wr,Plaid Student Loan,student loan,7777,65262.0,,USD
pwZm9KjRPbUEkG16vKgwh5aEoeb8m1TXgogkK,USR103Aa,Plaid Mortgage,mortgage loan,8888,56302.06,,USD
oEQo9qPmJZhGkjyDaq9QsNxkGWLq1auv9q9rr,USR905Io,Plaid HSA,hsa depository,9001,6009.0,6009.0,USD
dEB98Wq3DehklGNdMzK3sPJDEZrqy7FXNENGl,USR803MW,Plaid Cash Management,cash management depository,9002,12060.0,12060.0,USD
apKG9gwrBJUKdQPZkqp9sWw1Z4lP8gCX454PX,USR739hH,Plaid Business Credit Card,credit card credit,9999,5020.0,4980.0,USD
oQ8pdvvMJmH5zbnGEJ39hNjopRpnNri19KZ1l,USR888gq,Plaid Checking,checking depository,0,110.0,100.0,USD
gdQjloo4Paiq3wQEn19yHmGqdadkmbtPDM6Pb,USR594QR,Plaid Saving,savings depository,1111,210.0,200.0,USD
8AaBygglDjFVplbwJQXLIvbxG7GDveigarXgn,USR724hb,Plaid CD,cd depository,2222,1000.0,,USD
EboMlJJjwBuglj3kxZP7hqab939dqwUrQEBrB,USR298fI,Plaid Credit Card,credit card credit,3333,410.0,,USD
WVl6q33mLyCzgdykxeL8c1K4gxga1dIXM4bX9,USR365gu,Plaid Money Market,money market depository,4444,43200.0,43200.0,USD
A6M7yJJaxkuwVaDKrgd5HyQR5o5zyEcawopaw,USR896rm,Plaid IRA,ira investment,5555,320.76,,USD
GA8LKJJeyxF6mevK9k7zHr3zZEZjrqiq9npqv,USR577jk,Plaid 401k,401k investment,6666,23631.9805,,USD
negLxvvZMQF1obeGyBkXTpP8M5MNpDcZkG5Z4,USR331cF,Plaid Student Loan,student loan,7777,65262.0,,USD
brNdPZZB6zuoR1XGEMPZSzlLgagAzVuEL3kEJ,USR163SC,Plaid Mortgage,mortgage loan,8888,56302.06,,USD
m7o13vvQgXcLGbpEo5zZSWGqBrBnWVS9jAo9K,USR899td,Plaid HSA,hsa depository,9001,6009.0,6009.0,USD
yyvmJwwGMWC6ap49EZv7HKVn545AKWfodDaok,USR465ID,Plaid Cash Management,cash management depository,9002,12060.0,12060.0,USD
9D43yJJqdMF8vq4N7EleHkp17r7gkdFk8Evkl,USR783VD,Plaid Business Credit Card,credit card credit,9999,5020.0,4980.0,USD
qKlp7jRgaMimKK6Pzvw4HBEbNBvQLjigzbe5r,USR174bk,Plaid Checking,checking depository,0,110.0,100.0,USD
KbR9MVn8r6SK33WNGVjLIx6oMxlNXGFRxwljX,USR673Ud,Plaid Saving,savings depository,1111,210.0,200.0,USD
rrqye5J841UgrrmPMVEoSgQxagWABlC7eKrXe,USR554bC,Plaid CD,cd depository,2222,1000.0,,USD
JnkRZbEgK6SJnnBNQyPxU35pb5BpK3UBD7lGL,USR530Nq,Plaid Credit Card,credit card credit,3333,410.0,,USD
knwjdmyZrPSaJJpk7vEAI49Eo9bER4CLlP43V,USR451il,Plaid Money Market,money market depository,4444,43200.0,43200.0,USD
lb75a1ZMzjS1JJ7bN8EmU14MK4rM91FpV9K5y,USR974tj,Plaid IRA,ira investment,5555,320.76,,USD
qKlp7jRgaMimKK6Pzvw4HBE6wEq6RBcgzbe5E,USR058Df,Plaid 401k,401k investment,6666,23631.9805,,USD
KbR9MVn8r6SK33WNGVjLIx6kw6WkJxuRxwlj9,USR971rW,Plaid Student Loan,student loan,7777,65262.0,,USD
rrqye5J841UgrrmPMVEoSgQzNQqzkgf7eKrXP,USR853pE,Plaid Mortgage,mortgage loan,8888,56302.06,,USD
zNJxg5myEVT6NNLJ4Qbdun9j39ojwnfl5PAKa,USR530od,Plaid HSA,hsa depository,9001,6009.0,6009.0,USD
Bpwda5RegASgppw65DzqSMbEZbwEnMu4be91E,USR797BB,Plaid Cash Management,cash management depository,9002,12060.0,12060.0,USD
33Pw6vKlDosVLLjaW3driEJVNJdVZEfZDo7Lx,USR525OW,Plaid Business Credit Card,credit card credit,9999,5020.0,4980.0,USD
vN5QqWXG5vig39w63bKvIWwWmG1vvaiwx6mxk,USR017aL,Plaid Checking,checking depository,0,110.0,100.0,USD
RKVn8y3mVqC7ZxLyZqdoU747DpyAAJhZjpyj4,USR087Jg,Plaid Saving,savings depository,1111,210.0,200.0,USD
6qmDgblrmpIp1xG71DAasewePLamm8izJDZJe,USR116fM,Plaid CD,cd depository,2222,1000.0,,USD
Xd1J8VPX1xcL3rk53x7Giwvwzem99BcDgKZgv,USR104pB,Plaid Credit Card,credit card credit,3333,410.0,,USD
DeRX8z7ZRJtlAjngAJb4ilLlMbm99NCZeWDeN,USR799Rk,Plaid Money Market,money market depository,4444,43200.0,43200.0,USD
V31JWy4R1BCMZbvzZ8PqHMKMeE6ggBCDkg1ky,USR278dn,Plaid IRA,ira investment,5555,320.76,,USD
wPAZKXEnAvFl3KB83Ayvinpnz9188jfQ9Zw9Z,USR239qk,Plaid 401k,401k investment,6666,23631.9805,,USD
5lx8oMpKxkF893Qj9pAduBAB1MazzRC6VKlVr,USR556Wi,Plaid Student Loan,student loan,7777,65262.0,,USD
JpaXENLgaJF3bzWabqlyI353P6Vzzdinj63jD,USR872Ih,Plaid Mortgage,mortgage loan,8888,56302.06,,USD
klbByQEZbvFXn8RjngMvi494N1JggBimE6nEb,USR679Eq,Plaid HSA,hsa depository,9001,6009.0,6009.0,USD
lkW3ZQEMW6SWreyZrBD8I1418DxeeXHMWoQWX,USR163rM,Plaid Cash Management,cash management depository,9002,12060.0,12060.0,USD
q3XkR1wgXvC9pVylpZovHBEBnGJQQ4CQWrGWa,USR857OT,Plaid Business Credit Card,credit card credit,9999,5020.0,4980.0,USD
000000 - 00000111,USR398Px,JCB 16 digit,Savings,1947,3325.67,3325.67,USD
000000 - 00000001,USR149Et,VISA 19 digit,Savings,1484,5937.15,5937.15,USD
000000 - 00000011,USR342cz,Mastercard,Checking,1565,6396.63,6396.63,USD
11111111,USR739UP,Mastercard,Savings,274,1556.0,1556.0,USD
db6f3eab8d36401ab29fe42bdf3280ef,USR354Rs,Checking account 1,CHECKING,6096,4050.0,4050.0,CZK
00140a6c17ce4d3a9dd455073c5cac0a,USR698Qr,Jooksevkonto,CHECKING,7251,4549.34,4549.34,EUR
38fdaceb6f364a50b21ba31b9a80306b,USR992ZI,Hoiukonto,SAVINGS,7251,13000.0,13000.0,EUR
084611e2c55c45a0a153ff24e2b5cb50,USR352pI,Sparkonto,SAVINGS,8154,13000.03,13000.03,EUR
0c47e3c72eec4c2286f2d2f04c5e8433,USR227ai,Girokonto,CHECKING,8154,-1663.78,-1663.78,EUR
fb2d93d065bd45c9893f58d31839cde8,USR086qQ,Compte épargne,SAVINGS,5971,13000.0,13000.0,EUR
ff109f0c99a146e9bb9e30ccfac01582,USR592MJ,Compte courant,CHECKING,5971,-1929.03,-1929.03,EUR
edb7ed6c075646948c8fb81b63b5ba75,USR163vx,Main personal account,CHECKING,9277,100.02,100.02,EUR
2afd4caebfdb49d483e98383c0d24474,USR970wx,Savings,SAVINGS,3224,250000.0,250000.0,SEK
9a0ba5d9c1f649dfbfaf18adec749a6a,USR000Ux,Sparkonto,SAVINGS,3224,130837.0,130837.0,SEK
c933b12ce50c48dcb4208e2d5fe59c4e,USR149vb,Privatkonto,CHECKING,3224,-227083.2,-227083.2,SEK
2901b5ccd9d84760926e25640dbb70cd,USR208yg,Käyttötili,CHECKING,7318,-1172.78,-1172.78,EUR
725cf38790664fdb925d23618ee24518,USR463UE,Säästötili,SAVINGS,7318,13000.0,13000.0,EUR
d6cc56bc402a4685829f0de347af4c63,USR980UY,Basic,CHECKING,4376,80255.52,80255.52,GBP
6729b669f9e2456a9fbdee4e94d641c8,USR673YB,Savings Account,SAVINGS,5473,13000.0,13000.0,EUR
41e035480df54e979ecd6234c2010921,USR829qO,Current Account,CHECKING,5473,-2321.2000000000003,-2321.2000000000003,EUR
82e4bce631ce4afcace0ca4d36cc4958,USR989QU,Krājumu konts,SAVINGS,7362,14950.0,14950.0,EUR
7372a72bc03c4ab49492a481c2cfc7f5,USR844Xx,Norēķinu konts,CHECKING,7362,4761.33,4761.33,EUR
0b938997d88247d69ef5234ff5bf653b,USR338ns,Compte épargné,SAVINGS,1108,13000.0,13000.0,EUR
ada3d0f52c0848b985022952fef7031f,USR526MW,Compte courant,CHECKING,1108,356.22,356.22,EUR
7f516dc6ddf5450f86f30b9fe0ba67ea,USR667ih,Lønkonto,CHECKING,6134,-16537.8,-16537.8,DKK
e012264a41a44d28b32f66f40200bb8e,USR310Mk,Opsparingskonto,SAVINGS,6134,130000.0,130000.0,DKK
4bb60c8682f543e8939a659d14a20124,USR235aH,Savings Account !,SAVINGS,6779,221250.0,221250.0,EUR
33081974045743388a4274e657c69176,USR218kF,Checking Account 1,CHECKING,6779,4973.0,4973.0,EUR
ca93c6e29cd64c288aa462e85c634c88,USR900TT,Spaarrekening,SAVINGS,9307,14950.0,14950.0,EUR
f37690212445419c9e5d0fbbda82abc2,USR978oc,Lopende rekening,CHECKING,9307,4605.33,4605.33,EUR
5078c8ead42c4f0c90ec882910bcc75c,USR841fP,Conto Deposito,SAVINGS,5428,14350.74,14350.74,EUR
ad3b198a7f624730a942384dd064f051,USR526Ci,Conto Corrente,CHECKING,5428,-1813.76,-1813.76,EUR
4fd04cb6bfc247ddb3f42419a347e9bc,USR257qy,Cuenta corriente,CHECKING,1002,3024.46,3024.46,EUR
bfa0dd42f04646098b81b4cbc0bcb678,USR748ZE,Cuenta de ahorro,SAVINGS,1002,13078.0,13078.0,EUR
b4b23f035a9f4b6193e1664c1d4ed782,USR755DK,Taupomoji sąskaita,SAVINGS,7951,14950.0,14950.0,EUR
8c1950bbf34d4de6adcf81d97399d701,USR495mL,Einamoji sąskaita,CHECKING,7951,4761.33,4761.33,EUR
c52dcb1d472c4252b1be25e1e35826fd,USR170FQ,Konto oszczędnościowe,SAVINGS,1375,65000.0,65000.0,PLN
ca0e28e500584f8ba9a0197c04959318,USR614yH,Konto bieżące,CHECKING,1375,34234.89,34234.89,PLN
193ffb34e92f4926a2b1f166dd9c3ac8,USR885po,Savings Account,SAVINGS,7184,13000.0,13000.0,GBP
d8e85133189140ceb38926ca37c44c8d,USR733gw,Current Account,CHECKING,7184,2105.34,2105.34,GBP
fb9a593b6b0c448d968616bb8aae9a60,USR329uU,Brukskonto,CHECKING,976,48472.2,48472.2,NOK
ac7a2d64f01d4638a1534bd543f7a8bc,USR747HD,Sparekonto,SAVINGS,976,130000.0,130000.0,NOK
e446f1818301472a926013ba98cc8c5c,USR831lM,Conta Poupança,SAVINGS,5756,13000.0,13000.0,EUR
3288ff86901143b4a34e39d56b72f0c9,USR493ow,Conta à Ordem,CHECKING,5756,3544.05,3544.05,EUR
