user_id,iso_flag,lof_flag,is_anomaly,iso_score,lof_score,anomaly_score,severity,vel_1d,vel_7d,vel_30d,count_30d,accounts.COUNT(transactions),avg_amt_30d,accounts.MEAN(transactions.amount),accounts.MAX(transactions.amount),accounts.balances_current,days_since_last,accounts.TIME_SINCE_LAST(transactions.date),merchant_diversity,new_merchant_count,task_segment,top_category,top_merchant,primary_spending_trend,account_ids,primary_account_id,account_count
USR601Ie,False,False,False,30.09,12.69,21.39,Normal,1,1,2,2.0,43,52655.245,5562.131162790698,104974.48,5441.53,0,26438400.0,0.07,3.0,Single-Tasker,Shopping,Online,Surging in Shopping,[2139676416712885],2139676416712885,1
USR784ar,False,False,False,24.55,0.59,12.57,Normal,1,3,5,5.0,49,40.038,5329.335102040816,247647.06,5905.18,0,27129600.0,0.06,3.0,Healthy Active User,Shopping,In-store,Surging in Transportation,[7543884398141519],7543884398141519,1
USR821Id,False,False,False,4.05,0.37,2.21,Normal,1,1,1,1.0,48,127.41,502.49458333333337,6177.84,1941.35,0,25920000.0,0.06,3.0,Single-Tasker,Housing and Utilities,Mobile App,Surging in Shopping,[1604890074220810],1604890074220810,1
USR559Pi,False,False,False,3.3,0.09,1.7,Normal,1,1,3,3.0,60,759.1666666666669,1723.643166666667,72561.91,4873.83,0,25833600.0,0.05,3.0,Single-Tasker,Shopping,Online,Surging in Personal Hygiene,[5941501766570540],5941501766570540,1
USR200Qr,False,False,False,6.63,0.29,3.46,Normal,1,1,3,3.0,53,418.85666666666674,5177.333773584905,137850.83,4669.34,0,25920000.0,0.06,3.0,Single-Tasker,Shopping,Mobile App,Surging in Gifts,[3512077158593814],3512077158593814,1
USR674rM,False,False,False,6.65,0.81,3.73,Normal,1,2,5,5.0,56,195.888,1126.9358928571428,45596.39,1878.54,0,27043200.0,0.05,3.0,Consistent Weekly,Shopping,Mobile App,Surging in Gifts,[5803693697951858],5803693697951858,1
USR240hY,False,False,False,10.85,0.6,5.73,Normal,1,2,2,2.0,46,307.85,3421.651086956522,133788.47,1859.21,0,25660800.0,0.07,3.0,Consistent Weekly,Shopping,In-store,Surging in Travel,[4224306651356493],4224306651356493,1
USR778Dk,False,False,False,5.48,0.6,3.04,Normal,1,2,2,2.0,46,2335.455,1704.3506521739132,52249.94,2556.62,0,27388800.0,0.07,3.0,Consistent Weekly,Shopping,Online,Surging in Subscriptions,[3949741928248699],3949741928248699,1
USR546jz,False,False,False,3.03,0.86,1.94,Normal,1,2,3,3.0,63,161.9333333333333,491.4668253968254,6448.22,3230.87,0,25920000.0,0.05,3.0,Consistent Weekly,Housing and Utilities,In-store,Surging in Fitness,[7764623284161428],7764623284161428,1
USR663xt,False,False,False,12.79,11.55,12.17,Normal,2,2,5,5.0,52,153.41400000000004,360.7036538461538,6121.45,5150.56,0,27216000.0,0.06,3.0,Consistent Weekly,Housing and Utilities,Mobile App,Surging in Hobbies,[9446891202578633],9446891202578633,1
USR661vO,False,False,False,7.56,0.0,3.78,Normal,1,1,1,1.0,58,10.97,1516.3505172413793,74246.46,8138.98,0,25920000.0,0.05,3.0,Single-Tasker,Shopping,Online,Surging in Subscriptions,[2615180011966079],2615180011966079,1
USR451OQ,True,True,True,45.35,35.23,40.29,Medium,1,1,2,2.0,55,111677.965,5403.577454545455,223326.51,1948.59,0,28252800.0,0.05,3.0,Single-Tasker,Shopping,In-store,Surging in Shopping,[5574944151033046],5574944151033046,1
USR691Fc,False,False,False,3.86,1.35,2.61,Normal,1,1,4,4.0,55,173.9375,452.7343636363637,14662.15,3383.49,0,28857600.0,0.05,3.0,Single-Tasker,Shopping,In-store,Surging in Transportation,[5767004796880259],5767004796880259,1
USR479Ei,False,False,False,8.9,0.33,4.61,Normal,1,1,2,2.0,45,113.755,4816.148222222222,138404.27,3805.56,0,26611200.0,0.07,3.0,Single-Tasker,Shopping,Online,Surging in Friend Activities,[9389130119020628],9389130119020628,1
USR581oW,False,False,False,15.59,0.13,7.86,Normal,1,1,1,1.0,44,157.56,4520.097272727274,166627.35,9561.65,0,27216000.0,0.07,3.0,Single-Tasker,Shopping,In-store,Surging in Hobbies,[8179573942020720],8179573942020720,1
USR847gv,False,False,False,4.12,0.88,2.5,Normal,1,1,3,3.0,53,60.51,2451.581886792453,107525.35,2315.97,0,26784000.0,0.06,3.0,Single-Tasker,Shopping,In-store,Surging in Groceries,[8848874948850153],8848874948850153,1
USR759Fr,False,False,False,20.61,1.07,10.84,Normal,1,1,4,4.0,44,68.2125,7395.055454545454,239228.17,8702.14,0,25574400.0,0.07,3.0,Single-Tasker,Shopping,In-store,Surging in Friend Activities,[3555536118789913],3555536118789913,1
USR689zf,False,False,False,10.71,0.09,5.4,Normal,1,2,3,3.0,58,464.0199999999999,3383.074310344828,169033.95,1944.8,0,27388800.0,0.05,3.0,Consistent Weekly,Shopping,Online,Surging in Personal Hygiene,[4202632551640792],4202632551640792,1
USR007mU,False,False,False,6.65,0.49,3.57,Normal,1,1,1,1.0,60,3.79,268.14500000000004,4218.34,564.48,0,26697600.0,0.05,3.0,Single-Tasker,Housing and Utilities,Mobile App,Surging in Groceries,[359069724284360],359069724284360,1
USR491Th,False,False,False,14.73,0.07,7.4,Normal,1,1,2,2.0,38,348.725,5394.025263157894,196369.28,5847.74,0,25833600.0,0.08,3.0,Single-Tasker,Shopping,Mobile App,Surging in Friend Activities,[1643016443890993],1643016443890993,1
USR813QZ,False,False,False,5.11,13.9,9.51,Normal,1,1,3,3.0,44,7470.366666666666,912.270681818182,22279.68,3754.74,0,27388800.0,0.07,3.0,Single-Tasker,Shopping,Mobile App,Surging in Shopping,[8692017926644744],8692017926644744,1
USR343dk,False,False,False,36.07,2.81,19.44,Normal,1,1,2,2.0,42,2619.04,8908.194523809523,352230.76,8581.51,0,27561600.0,0.07,3.0,Single-Tasker,Shopping,Online,Surging in Shopping,[5345704589529914],5345704589529914,1
USR291BJ,False,False,False,28.09,6.51,17.3,Normal,1,1,3,3.0,43,58.626666666666665,13707.738372093025,240833.83,8416.34,0,27388800.0,0.07,3.0,Single-Tasker,Shopping,Mobile App,Surging in Groceries,[1719991586353126],1719991586353126,1
USR335Sx,False,False,False,3.57,0.57,2.07,Normal,1,1,2,2.0,62,1444.575,328.7737096774194,5295.14,9081.43,0,26784000.0,0.05,3.0,Single-Tasker,Housing and Utilities,In-store,Surging in Housing and Utilities,[7371891675043951],7371891675043951,1
USR818nO,False,False,False,27.36,6.62,16.99,Normal,2,3,5,5.0,59,4215.528,2640.141525423729,121426.99,4718.49,0,27388800.0,0.05,3.0,Healthy Active User,Shopping,Online,Surging in Fitness,[8346901314453072],8346901314453072,1
USR375sC,False,False,False,34.46,3.59,19.02,Normal,1,1,2,2.0,39,10.07,11061.831794871794,309905.6,1970.88,0,27216000.0,0.08,3.0,Single-Tasker,Shopping,In-store,Surging in Subscriptions,[6440342709019424],6440342709019424,1
USR271eY,False,False,False,17.08,0.92,9.0,Normal,1,1,3,3.0,50,2587.1633333333334,5957.0122,274630.42,2373.05,0,26352000.0,0.06,3.0,Single-Tasker,Shopping,Mobile App,Surging in Hobbies,[272675983639227],272675983639227,1
USR253Hy,False,False,False,2.53,1.19,1.86,Normal,1,2,2,2.0,54,71.33,293.2401851851852,3805.35,1280.11,0,25920000.0,0.06,3.0,Consistent Weekly,Housing and Utilities,In-store,Surging in Hobbies,[74344592456871],74344592456871,1
USR944dh,False,False,False,27.6,1.9,14.75,Normal,1,1,2,2.0,47,708.23,7374.609361702127,337617.55,3230.22,0,25574400.0,0.06,3.0,Single-Tasker,Shopping,Online,Surging in Friend Activities,[1397334799009989],1397334799009989,1
USR418ju,False,False,False,9.65,1.23,5.44,Normal,1,1,4,4.0,57,782.7075,2359.857192982456,112518.54,9831.78,0,25574400.0,0.05,3.0,Single-Tasker,Shopping,Mobile App,Surging in Gifts,[4990242242398628],4990242242398628,1
USR896kh,False,False,False,0.99,0.03,0.51,Normal,1,1,3,3.0,48,162.25666666666666,249.045,1935.14,7594.49,0,25574400.0,0.06,3.0,Single-Tasker,Gifts,Mobile App,Surging in Subscriptions,[7352397003984129],7352397003984129,1
USR961UU,False,False,False,3.96,2.52,3.24,Normal,1,1,3,3.0,49,57.38999999999999,920.6226530612244,34567.49,6910.58,0,28857600.0,0.06,3.0,Single-Tasker,Shopping,In-store,Surging in Hobbies,[7343538510695578],7343538510695578,1
USR324Nf,False,False,False,4.76,0.78,2.77,Normal,1,1,4,4.0,47,33.3325,2691.3106382978726,53345.01,7786.15,0,27216000.0,0.06,3.0,Single-Tasker,Shopping,In-store,Surging in Personal Hygiene,[2169306134303862],2169306134303862,1
USR500hm,False,False,False,29.42,1.77,15.59,Normal,1,2,3,3.0,45,57.373333333333335,7608.732666666666,330956.88,7400.45,0,26006400.0,0.07,3.0,Consistent Weekly,Shopping,In-store,Surging in Friend Activities,[3406664646808167],3406664646808167,1
USR539EC,False,False,False,26.29,1.97,14.13,Normal,1,1,1,1.0,57,2094.25,7960.667894736842,220002.74,3076.92,0,25833600.0,0.05,3.0,Single-Tasker,Shopping,In-store,Surging in Personal Hygiene,[2647051895487886],2647051895487886,1
USR053xd,False,False,False,3.81,1.21,2.51,Normal,1,2,2,2.0,46,270.345,227.5828260869565,1617.1,8402.82,0,26956800.0,0.07,3.0,Consistent Weekly,Medical/Dental,Online,Surging in Friend Activities,[3917434863514659],3917434863514659,1
USR082ip,False,False,False,18.89,3.92,11.4,Normal,2,2,3,3.0,50,15.693333333333332,4223.267400000001,147254.26,4551.7,0,27907200.0,0.06,3.0,Consistent Weekly,Shopping,Mobile App,Surging in Subscriptions,[365317339018220],365317339018220,1
USR721Xc,False,False,False,2.72,0.34,1.53,Normal,1,1,2,2.0,47,45.17,1528.1757446808513,42886.51,8860.2,0,25747200.0,0.06,3.0,Single-Tasker,Shopping,In-store,Surging in Hobbies,[975087702556556],975087702556556,1
USR242VN,False,False,False,32.28,2.05,17.17,Normal,1,3,4,4.0,55,184.77750000000003,6009.656181818183,319220.4,1076.77,0,25574400.0,0.05,3.0,Healthy Active User,Shopping,In-store,Surging in Travel,[2941076191576956],2941076191576956,1
USR598GE,False,False,False,13.37,0.87,7.12,Normal,1,1,3,3.0,48,2055.71,5221.460416666667,129871.71,8629.3,0,29203200.0,0.06,3.0,Single-Tasker,Shopping,Online,Surging in Fitness,[6332365085760707],6332365085760707,1
USR511YG,False,True,False,12.81,20.92,16.87,Normal,1,2,3,3.0,45,15892.656666666668,1316.8835555555556,47534.53,6672.64,0,28771200.0,0.07,3.0,Consistent Weekly,Shopping,In-store,Surging in Shopping,[9192896743314302],9192896743314302,1
USR360hy,False,False,False,0.55,0.27,0.41,Normal,1,1,2,2.0,50,203.3,565.1543999999999,6863.9,1810.65,0,26352000.0,0.06,3.0,Single-Tasker,Shopping,Online,Surging in Food,[5114885622146222],5114885622146222,1
USR430vt,False,False,False,2.62,1.3,1.96,Normal,1,1,3,3.0,44,1932.62,439.9259090909091,5773.76,7298.6,0,27993600.0,0.07,3.0,Single-Tasker,Housing and Utilities,Mobile App,Surging in Housing and Utilities,[3523255766543907],3523255766543907,1
USR244Uu,False,False,False,2.57,0.68,1.63,Normal,1,1,2,2.0,51,7.25,626.266862745098,10114.45,3430.64,0,28771200.0,0.06,3.0,Single-Tasker,Shopping,Online,Surging in Subscriptions,[1244941447924031],1244941447924031,1
USR478AY,False,False,False,8.12,0.13,4.13,Normal,1,1,3,3.0,53,1653.1666666666667,3721.589056603774,170583.42,7543.37,0,25833600.0,0.06,3.0,Single-Tasker,Shopping,Online,Surging in Gifts,[9900112423294341],9900112423294341,1
USR215xz,False,False,False,1.47,0.21,0.84,Normal,1,1,2,2.0,51,88.51,517.8521568627451,5185.76,9179.34,0,26265600.0,0.06,3.0,Single-Tasker,Housing and Utilities,Online,Surging in Hobbies,[5978525337123148],5978525337123148,1
USR247kd,False,False,False,4.66,0.2,2.43,Normal,1,1,2,2.0,56,54.49,1645.6053571428572,84389.3,2039.21,0,25833600.0,0.05,3.0,Single-Tasker,Shopping,Online,Surging in Groceries,[1786987321212464],1786987321212464,1
USR207DW,False,False,False,13.67,11.85,12.76,Normal,1,1,5,5.0,64,8946.774000000001,976.04984375,42790.8,7305.84,0,25574400.0,0.05,3.0,Single-Tasker,Shopping,Mobile App,Surging in Shopping,[7810330163594035],7810330163594035,1
USR258us,False,False,False,4.51,0.2,2.36,Normal,1,1,1,1.0,44,68.09,369.6865909090909,5654.33,3418.21,0,26006400.0,0.07,3.0,Single-Tasker,Housing and Utilities,In-store,Surging in Housing and Utilities,[1907263899175261],1907263899175261,1
USR534tr,False,False,False,4.3,0.52,2.41,Normal,1,2,3,3.0,42,1507.1433333333334,1405.0757142857144,48468.04,1283.68,0,25660800.0,0.07,3.0,Consistent Weekly,Shopping,Mobile App,Surging in Personal Hygiene,[1904057589594551],1904057589594551,1
USR139BK,False,False,False,21.0,5.9,13.45,Normal,2,2,5,5.0,57,1142.756,3563.166315789474,100056.35,8607.72,0,27129600.0,0.05,3.0,Consistent Weekly,Shopping,Online,Surging in Housing and Utilities,[6777516850676564],6777516850676564,1
USR465GL,False,False,False,5.32,0.86,3.09,Normal,1,2,5,5.0,57,116.40800000000002,403.5422807017544,5011.25,1364.68,0,25660800.0,0.05,3.0,Consistent Weekly,Housing and Utilities,Online,Surging in Travel,[7187442304170327],7187442304170327,1
USR628KZ,False,False,False,3.52,1.28,2.4,Normal,1,2,3,3.0,46,151.46333333333334,313.449347826087,4596.37,542.38,0,27043200.0,0.07,3.0,Consistent Weekly,Housing and Utilities,In-store,Surging in Travel,[7265932119274561],7265932119274561,1
USR726Lh,False,False,False,14.44,13.92,14.18,Normal,2,2,3,3.0,55,503.7533333333334,204.13163636363635,1487.04,797.38,0,28080000.0,0.05,3.0,Consistent Weekly,Medical/Dental,Mobile App,Surging in Travel,[5758936392022555],5758936392022555,1
USR423EB,False,False,False,4.04,1.68,2.86,Normal,1,1,1,1.0,50,70.93,835.1496,20934.52,4881.4,0,26092800.0,0.06,3.0,Single-Tasker,Shopping,In-store,Surging in Gifts,[2117860040110492],2117860040110492,1
USR380Yw,False,False,False,8.36,1.0,4.68,Normal,1,3,5,5.0,52,373.738,292.62942307692305,2603.85,2346.43,0,26870400.0,0.06,3.0,Healthy Active User,Personal Hygiene,Online,Surging in Shopping,[6465636985218047],6465636985218047,1
USR653TK,False,False,False,12.24,0.1,6.17,Normal,1,1,2,2.0,43,213.92,5193.130697674418,213166.43,5750.4,0,26524800.0,0.07,3.0,Single-Tasker,Shopping,Mobile App,Surging in Housing and Utilities,[8427394184261092],8427394184261092,1
USR271Yo,False,False,False,3.97,1.57,2.77,Normal,1,1,3,3.0,45,132.65333333333334,344.68266666666665,3452.17,8216.73,0,30153600.0,0.07,3.0,Single-Tasker,Housing and Utilities,Online,Surging in Personal Hygiene,[4915301745302561],4915301745302561,1
USR574tK,False,False,False,5.65,0.25,2.95,Normal,1,1,1,1.0,41,296.2,363.2009756097561,6999.0,8225.0,0,26092800.0,0.07,3.0,Single-Tasker,Housing and Utilities,Online,Surging in Shopping,[7532127441056208],7532127441056208,1
USR572qw,False,False,False,19.82,1.83,10.82,Normal,1,1,4,4.0,58,28.2075,8200.843965517242,221971.79,4706.13,0,26092800.0,0.05,3.0,Single-Tasker,Shopping,Mobile App,Surging in Subscriptions,[7343201222998493],7343201222998493,1
USR925Mf,False,False,False,5.67,0.9,3.28,Normal,1,2,4,4.0,39,1176.6375,435.3102564102564,3614.0,1241.88,0,26179200.0,0.08,3.0,Consistent Weekly,Shopping,In-store,Surging in Shopping,[3635020399572580],3635020399572580,1
USR201Zu,False,False,False,5.51,0.86,3.18,Normal,1,2,5,5.0,56,216.26,480.0646428571428,7111.15,8376.62,0,26265600.0,0.05,3.0,Consistent Weekly,Housing and Utilities,Mobile App,Surging in Transportation,[5896844080569374],5896844080569374,1
USR425DX,False,False,False,1.86,0.31,1.08,Normal,1,1,3,3.0,61,236.97333333333333,342.8065573770492,3441.79,1496.64,0,25660800.0,0.05,3.0,Single-Tasker,Housing and Utilities,In-store,Surging in Groceries,[5051398843617869],5051398843617869,1
USR388wJ,False,False,False,18.49,0.74,9.61,Normal,1,2,3,3.0,55,501.7033333333333,6776.161454545455,244977.8,5162.39,0,25833600.0,0.05,3.0,Consistent Weekly,Shopping,Mobile App,Surging in Medical/Dental,[3413230594669183],3413230594669183,1
USR068Xr,False,False,False,41.34,8.38,24.86,Normal,1,1,1,1.0,45,147.8,15029.926666666666,241921.72,8473.93,0,31795200.0,0.07,3.0,Single-Tasker,Shopping,In-store,Surging in Food,[9854565050152785],9854565050152785,1
USR223cE,False,False,False,8.71,0.21,4.46,Normal,1,1,3,3.0,55,131.10666666666663,4824.094181818182,170911.33,5764.47,0,26438400.0,0.05,3.0,Single-Tasker,Shopping,Online,Surging in Groceries,[410674843067860],410674843067860,1
USR031uI,False,False,False,3.44,0.27,1.86,Normal,1,2,3,3.0,55,60.03666666666666,1354.732909090909,61377.57,6108.69,0,26524800.0,0.05,3.0,Consistent Weekly,Shopping,Online,Surging in Gifts,[3145676334558816],3145676334558816,1
USR151Xg,False,False,False,3.95,0.1,2.02,Normal,1,1,2,2.0,55,1616.22,1745.0918181818183,66772.13,6705.29,0,26784000.0,0.05,3.0,Single-Tasker,Shopping,Mobile App,Surging in Housing and Utilities,[4938667654244427],4938667654244427,1
USR013pA,False,False,False,16.04,0.11,8.07,Normal,1,1,4,4.0,58,231.0575,5298.625344827587,220355.95,9264.23,0,27129600.0,0.05,3.0,Single-Tasker,Shopping,In-store,Surging in Fitness,[5276874342658015],5276874342658015,1
USR579jO,False,False,False,32.26,4.7,18.48,Normal,2,2,2,2.0,45,164.42000000000002,7295.836,155475.75,8105.09,0,30758400.0,0.07,3.0,Consistent Weekly,Shopping,Online,Surging in Friend Activities,[2529245753691166],2529245753691166,1
USR621BM,False,False,False,2.06,0.02,1.04,Normal,1,1,3,3.0,44,551.5666666666667,1725.836136363636,64899.6,4513.73,0,26697600.0,0.07,3.0,Single-Tasker,Shopping,Online,Surging in Personal Hygiene,[2255874088280622],2255874088280622,1
USR592gD,False,False,False,2.77,0.59,1.68,Normal,1,1,4,4.0,50,121.6225,369.9444,6645.43,9922.81,0,26352000.0,0.06,3.0,Single-Tasker,Housing and Utilities,Mobile App,Surging in Subscriptions,[2389275130478223],2389275130478223,1
USR140si,False,False,False,5.67,0.1,2.88,Normal,1,1,4,4.0,41,311.05,1620.7441463414632,54472.59,185.36,0,26179200.0,0.07,3.0,Single-Tasker,Shopping,Online,Surging in Fitness,[3896112433006532],3896112433006532,1
USR596jh,False,False,False,8.41,0.97,4.69,Normal,1,3,4,4.0,44,662.5575000000001,504.6093181818182,14365.92,5472.21,0,26697600.0,0.07,3.0,Healthy Active User,Shopping,Mobile App,Surging in Friend Activities,[3675763762695826],3675763762695826,1
USR691El,False,False,False,23.27,0.62,11.95,Normal,1,2,4,4.0,40,136.6125,6347.749999999999,246679.84,980.22,0,26179200.0,0.08,3.0,Consistent Weekly,Shopping,Mobile App,Surging in Friend Activities,[2958487517890362],2958487517890362,1
USR062rU,False,False,False,2.13,0.6,1.36,Normal,1,2,4,4.0,47,125.7375,359.0955319148936,3715.36,3355.82,0,26352000.0,0.06,3.0,Consistent Weekly,Housing and Utilities,Online,Surging in Hobbies,[575793344868387],575793344868387,1
USR628kq,False,False,False,15.25,0.17,7.71,Normal,1,2,4,4.0,57,665.575,4741.127017543859,211350.01,9484.07,0,25574400.0,0.05,3.0,Consistent Weekly,Shopping,In-store,Surging in Personal Hygiene,[7059873387557783],7059873387557783,1
USR421bB,False,False,False,4.02,1.02,2.52,Normal,1,1,2,2.0,46,609.41,385.41021739130434,6251.28,5395.49,0,29721600.0,0.07,3.0,Single-Tasker,Housing and Utilities,Mobile App,Surging in Travel,[919386953688877],919386953688877,1
USR376hP,False,False,False,2.33,0.34,1.34,Normal,1,1,2,2.0,53,639.77,320.52962264150943,1997.5,552.15,0,25747200.0,0.06,3.0,Single-Tasker,Fitness,Mobile App,Surging in Personal Hygiene,[4984592417211258],4984592417211258,1
USR001YL,False,False,False,9.63,0.24,4.94,Normal,1,2,3,3.0,54,435.2533333333334,3982.410555555556,205093.33,2485.8,0,26524800.0,0.06,3.0,Consistent Weekly,Shopping,Mobile App,Surging in Food,[3220502303885391],3220502303885391,1
USR756hT,False,False,False,24.58,1.72,13.15,Normal,1,1,2,2.0,50,49.015,6657.5744,325127.03,6414.96,0,26697600.0,0.06,3.0,Single-Tasker,Shopping,Online,Surging in Hobbies,[1746699275281552],1746699275281552,1
USR148zM,False,False,False,1.42,0.37,0.9,Normal,1,1,2,2.0,50,249.515,588.0536,6872.4,835.18,0,25660800.0,0.06,3.0,Single-Tasker,Housing and Utilities,Online,Surging in Groceries,[5398053233543317],5398053233543317,1
USR496UB,False,False,False,14.88,1.91,8.39,Normal,1,2,7,7.0,61,1193.427142857143,479.3203278688525,6837.61,937.16,0,28598400.0,0.05,3.0,Consistent Weekly,Housing and Utilities,Online,Surging in Personal Hygiene,[27434923585791],27434923585791,1
USR739ei,False,False,False,8.84,2.41,5.63,Normal,1,1,6,6.0,45,429.7166666666667,764.2855555555556,6673.06,6108.44,0,26438400.0,0.07,3.0,Single-Tasker,Housing and Utilities,Mobile App,Surging in Shopping,[8321704044270430],8321704044270430,1
USR461nX,False,False,False,13.94,0.19,7.07,Normal,1,1,4,4.0,49,1235.6800000000003,5129.616530612246,238038.57,3501.81,0,25920000.0,0.06,3.0,Single-Tasker,Shopping,Online,Surging in Food,[6517352269108317],6517352269108317,1
USR313nW,False,False,False,4.04,1.94,2.99,Normal,1,1,3,3.0,52,711.9766666666666,342.46211538461534,2127.33,4204.18,0,30499200.0,0.06,3.0,Single-Tasker,Personal Hygiene,Mobile App,Surging in Personal Hygiene,[8429259675435165],8429259675435165,1
USR626gZ,False,False,False,3.02,0.37,1.7,Normal,1,1,3,3.0,52,347.18666666666667,2066.7850000000003,90668.52,4762.86,0,26265600.0,0.06,3.0,Single-Tasker,Shopping,Online,Surging in Friend Activities,[9371972853446753],9371972853446753,1
USR746kv,False,False,False,3.27,1.34,2.3,Normal,1,2,3,3.0,44,33.086666666666666,742.8318181818181,21481.8,7907.84,0,28339200.0,0.07,3.0,Consistent Weekly,Shopping,Mobile App,Surging in Hobbies,[1782369306730165],1782369306730165,1
USR632NW,False,False,False,8.03,0.53,4.28,Normal,1,1,5,5.0,54,321.65,1840.292777777778,88286.88,9169.96,0,26006400.0,0.06,3.0,Single-Tasker,Shopping,Mobile App,Surging in Hobbies,[760720797584149],760720797584149,1
USR765RD,False,False,False,12.78,1.48,7.13,Normal,1,3,6,6.0,55,236.71666666666667,264.2207272727273,3978.4,7564.59,0,26006400.0,0.05,3.0,Healthy Active User,Housing and Utilities,Online,Surging in Gifts,[3327790754525823],3327790754525823,1
USR756uA,False,False,False,2.15,0.14,1.15,Normal,1,1,2,2.0,57,75.025,389.5966666666666,3824.22,8678.7,0,26179200.0,0.05,3.0,Single-Tasker,Shopping,In-store,Surging in Housing and Utilities,[3606395902696650],3606395902696650,1
USR619km,False,False,False,9.01,2.14,5.57,Normal,1,3,3,3.0,51,821.6666666666666,1847.38431372549,45856.74,2295.47,0,28425600.0,0.06,3.0,Healthy Active User,Shopping,Mobile App,Surging in Travel,[5856856664492208],5856856664492208,1
USR040Ko,False,False,False,2.02,0.37,1.2,Normal,1,1,3,3.0,43,23.666666666666668,373.50116279069766,4421.08,9826.42,0,26524800.0,0.07,3.0,Single-Tasker,Shopping,In-store,Surging in Hobbies,[317820028169473],317820028169473,1
USR268Dy,False,False,False,11.74,0.16,5.95,Normal,1,1,2,2.0,47,161.18,4776.465531914893,190283.81,1900.34,0,28598400.0,0.06,3.0,Single-Tasker,Shopping,Mobile App,Surging in Gifts,[575808430645435],575808430645435,1
USR708ic,False,False,False,3.44,0.88,2.16,Normal,1,1,4,4.0,61,1046.065,432.47754098360656,4108.66,2654.66,0,25747200.0,0.05,3.0,Single-Tasker,Shopping,In-store,Surging in Shopping,[2484857538967064],2484857538967064,1
USR737zJ,False,False,False,1.17,0.13,0.65,Normal,1,1,2,2.0,55,27.935,281.21145454545456,4926.71,4632.69,0,26006400.0,0.05,3.0,Single-Tasker,Housing and Utilities,Online,Surging in Transportation,[1703601111473812],1703601111473812,1
USR074qk,False,False,False,4.44,0.45,2.44,Normal,1,1,2,2.0,38,40.675,488.2597368421052,7001.64,9437.86,0,25574400.0,0.08,3.0,Single-Tasker,Shopping,In-store,Surging in Personal Hygiene,[6956164792464098],6956164792464098,1
USR552iz,False,False,False,5.52,0.33,2.92,Normal,1,1,2,2.0,46,154.17,2282.4919565217388,80965.09,7329.36,0,28080000.0,0.07,3.0,Single-Tasker,Shopping,Mobile App,Surging in Fitness,[3594487387849143],3594487387849143,1
USR383GT,False,False,False,4.82,0.15,2.49,Normal,1,1,1,1.0,57,27.96,435.191403508772,6842.24,4923.5,0,26611200.0,0.05,3.0,Single-Tasker,Housing and Utilities,Online,Surging in Groceries,[4484382288834839],4484382288834839,1
USR605Px,False,False,False,9.57,0.16,4.87,Normal,1,2,2,2.0,47,188.1,3655.0165957446807,166202.6,7403.46,0,26265600.0,0.06,3.0,Consistent Weekly,Shopping,Online,Surging in Fitness,[6345434857837874],6345434857837874,1
USR494kt,False,False,False,34.81,4.93,19.87,Normal,1,1,2,2.0,40,25.195,12459.1465,276733.01,4858.36,0,27993600.0,0.08,3.0,Single-Tasker,Shopping,Mobile App,Surging in Subscriptions,[7037069116667881],7037069116667881,1
USR774PR,False,False,False,7.25,0.1,3.67,Normal,1,1,1,1.0,61,78.63,1326.2498360655738,59697.35,4931.36,0,25920000.0,0.05,3.0,Single-Tasker,Shopping,Online,Surging in Housing and Utilities,[754681912406738],754681912406738,1
USR990MJ,False,False,False,27.53,0.74,14.14,Normal,1,3,6,6.0,72,348.4733333333333,3282.1715277777785,177421.04,9766.66,0,25660800.0,0.04,3.0,Healthy Active User,Shopping,Online,Surging in Fitness,[1691137074731657],1691137074731657,1
USR651Yc,False,False,False,5.81,0.42,3.11,Normal,1,1,1,1.0,55,287.07,332.5796363636364,3789.27,657.09,0,26611200.0,0.05,3.0,Single-Tasker,Fitness,Online,Surging in Fitness,[7402592048993814],7402592048993814,1
USR996DQ,False,False,False,11.12,1.5,6.31,Normal,1,3,6,6.0,56,73.72833333333334,418.0873214285714,4637.35,2780.27,0,25660800.0,0.05,3.0,Healthy Active User,Housing and Utilities,Mobile App,Surging in Groceries,[3183318773199775],3183318773199775,1
USR270YP,False,False,False,40.6,5.59,23.09,Normal,1,1,4,4.0,39,602.8175,12947.403076923076,297403.4,9733.0,0,25747200.0,0.08,3.0,Single-Tasker,Shopping,Mobile App,Surging in Food,[152712046592887],152712046592887,1
USR605nX,False,False,False,3.66,0.99,2.33,Normal,1,2,4,4.0,48,137.9,276.48041666666666,3212.97,9978.65,0,25574400.0,0.06,3.0,Consistent Weekly,Housing and Utilities,Online,Surging in Shopping,[8429911208608223],8429911208608223,1
USR793Ca,False,False,False,34.12,2.28,18.2,Normal,1,3,9,9.0,42,536.2122222222223,3480.886428571429,136263.44,7235.56,0,28944000.0,0.07,3.0,Healthy Active User,Shopping,In-store,Surging in Housing and Utilities,[3649178965182352],3649178965182352,1
USR100df,False,False,False,14.03,9.07,11.55,Normal,2,2,4,4.0,49,200.2125,936.0314285714286,36361.65,1343.36,0,28166400.0,0.06,3.0,Consistent Weekly,Shopping,Mobile App,Surging in Medical/Dental,[5542954098207916],5542954098207916,1
USR840Fs,False,False,False,7.16,0.68,3.92,Normal,1,3,3,3.0,47,257.8933333333334,285.62978723404257,2273.32,5456.52,0,25920000.0,0.06,3.0,Healthy Active User,Fitness,Online,Surging in Personal Hygiene,[3884768043111287],3884768043111287,1
USR472to,False,False,False,8.62,5.69,7.16,Normal,1,1,3,3.0,48,198.63,321.99208333333337,4864.58,8489.06,0,33868800.0,0.06,3.0,Single-Tasker,Shopping,Mobile App,Surging in Housing and Utilities,[2588374851708596],2588374851708596,1
USR847Vu,False,False,False,0.0,0.1,0.05,Normal,1,1,3,3.0,51,448.24,529.5498039215687,7930.89,3418.65,0,26352000.0,0.06,3.0,Single-Tasker,Shopping,Online,Surging in Friend Activities,[7397989264139357],7397989264139357,1
USR932HS,False,False,False,10.65,0.12,5.38,Normal,1,1,4,4.0,54,511.17,4156.614444444444,190421.89,8491.0,0,25833600.0,0.06,3.0,Single-Tasker,Shopping,Online,Surging in Travel,[6582803682722698],6582803682722698,1
USR646Eg,False,True,False,29.59,33.64,31.61,Normal,1,2,3,3.0,48,56534.40666666667,3837.666041666667,169207.4,3456.1,0,26697600.0,0.06,3.0,Consistent Weekly,Shopping,Online,Surging in Shopping,[1231967408124440],1231967408124440,1
USR258SD,False,False,False,14.91,0.22,7.57,Normal,1,3,4,4.0,47,328.24,4105.759787234043,166311.73,7832.87,0,27475200.0,0.06,3.0,Healthy Active User,Shopping,In-store,Surging in Gifts,[6789422602793653],6789422602793653,1
USR465Of,False,False,False,2.47,1.05,1.76,Normal,1,2,3,3.0,47,292.17,418.61659574468086,4467.84,9981.91,0,26438400.0,0.06,3.0,Consistent Weekly,Housing and Utilities,Mobile App,Surging in Hobbies,[7987964227152055],7987964227152055,1
USR556jk,False,False,False,2.48,0.51,1.49,Normal,1,1,4,4.0,46,228.9925,392.3267391304348,6900.84,6905.19,0,25833600.0,0.07,3.0,Single-Tasker,Shopping,Mobile App,Surging in Medical/Dental,[2485184010285215],2485184010285215,1
USR886vk,False,False,False,13.16,6.48,9.82,Normal,2,2,4,4.0,46,179.005,1307.8626086956522,41069.54,1609.48,0,25747200.0,0.07,3.0,Consistent Weekly,Shopping,In-store,Surging in Medical/Dental,[2476514669922009],2476514669922009,1
USR372Mt,False,False,False,5.33,0.03,2.68,Normal,1,1,1,1.0,51,5.84,1645.7729411764706,67448.2,4960.56,0,26352000.0,0.06,3.0,Single-Tasker,Shopping,In-store,Surging in Personal Hygiene,[4727996583201685],4727996583201685,1
USR834PN,False,False,False,22.04,15.34,18.69,Normal,2,2,3,3.0,42,150.66,328.6716666666667,5864.97,7700.56,0,36547200.0,0.07,3.0,Consistent Weekly,Shopping,Online,Surging in Fitness,[2052228805142634],2052228805142634,1
USR129NG,False,False,False,6.66,0.42,3.54,Normal,1,1,3,3.0,51,72.11333333333333,4423.807058823529,128550.18,2962.7,0,25660800.0,0.06,3.0,Single-Tasker,Shopping,Online,Surging in Hobbies,[1287970339524147],1287970339524147,1
USR401fn,False,False,False,2.72,0.4,1.56,Normal,1,1,3,3.0,57,151.1233333333333,496.71315789473687,5254.97,9993.36,0,26438400.0,0.05,3.0,Single-Tasker,Housing and Utilities,Mobile App,Surging in Medical/Dental,[7194223533689348],7194223533689348,1
USR297tJ,False,False,False,6.28,0.19,3.23,Normal,1,1,1,1.0,46,10.43,163.14739130434785,1352.38,5411.42,0,27388800.0,0.07,3.0,Single-Tasker,Travel,Mobile App,Surging in Groceries,[1672623079619382],1672623079619382,1
USR993dr,False,False,False,16.76,10.51,13.64,Normal,2,2,6,6.0,49,137.62166666666667,199.1004081632653,2007.67,5778.62,0,27734400.0,0.06,3.0,Consistent Weekly,Fitness,Mobile App,Surging in Friend Activities,[8463244674873742],8463244674873742,1
USR249de,False,False,False,1.17,0.12,0.65,Normal,1,1,2,2.0,47,48.085,408.1006382978723,4341.52,8508.63,0,26352000.0,0.06,3.0,Single-Tasker,Housing and Utilities,In-store,Surging in Subscriptions,[1197574185563696],1197574185563696,1
USR862eI,False,False,False,3.92,1.3,2.61,Normal,1,1,4,4.0,57,261.915,1061.3952631578948,38659.88,8441.66,0,25574400.0,0.05,3.0,Single-Tasker,Shopping,Online,Surging in Medical/Dental,[3209100814996365],3209100814996365,1
USR489ka,False,True,False,14.01,19.76,16.89,Normal,1,1,4,4.0,59,14858.745,1335.0576271186442,55633.78,1624.34,0,27475200.0,0.05,3.0,Single-Tasker,Shopping,Mobile App,Surging in Shopping,[1073907659342968],1073907659342968,1
USR936rw,False,False,False,8.55,2.23,5.39,Normal,1,3,4,4.0,48,91.2725,1133.274375,42304.21,8845.47,0,26006400.0,0.06,3.0,Healthy Active User,Shopping,Mobile App,Surging in Subscriptions,[5545303440124674],5545303440124674,1
USR981Is,False,False,False,4.14,1.16,2.65,Normal,1,1,2,2.0,45,2371.325,1243.545777777778,37620.04,8571.52,0,26352000.0,0.07,3.0,Single-Tasker,Shopping,Online,Surging in Shopping,[5749789658974242],5749789658974242,1
USR169XO,False,False,False,1.26,0.18,0.72,Normal,1,1,2,2.0,47,149.985,215.19936170212765,2748.21,2743.63,0,26092800.0,0.06,3.0,Single-Tasker,Shopping,Mobile App,Surging in Shopping,[2849192942495831],2849192942495831,1
USR885xH,False,False,False,1.92,0.18,1.05,Normal,1,1,2,2.0,59,648.69,308.2345762711864,5636.56,3129.45,0,25574400.0,0.05,3.0,Single-Tasker,Shopping,Online,Surging in Gifts,[2004535086897448],2004535086897448,1
USR104NK,False,False,False,7.43,0.63,4.03,Normal,1,2,4,4.0,54,353.8275,3066.394629629629,147600.24,3914.44,0,26697600.0,0.06,3.0,Consistent Weekly,Shopping,In-store,Surging in Transportation,[1876789797618974],1876789797618974,1
USR828eU,False,False,False,18.64,0.46,9.55,Normal,1,3,5,5.0,52,632.9639999999999,3439.0225,166341.93,9956.68,0,26092800.0,0.06,3.0,Healthy Active User,Shopping,Online,Surging in Subscriptions,[9274394784838791],9274394784838791,1
USR689HM,False,False,False,10.26,0.11,5.19,Normal,1,1,3,3.0,52,1233.2066666666667,4530.632884615385,218911.5,1466.08,0,26611200.0,0.06,3.0,Single-Tasker,Shopping,Online,Surging in Gifts,[5753119100760911],5753119100760911,1
USR654ba,False,False,False,37.92,9.48,23.7,Normal,3,3,5,5.0,52,329.526,5359.283461538462,204772.28,3200.28,0,26352000.0,0.06,3.0,Healthy Active User,Shopping,Mobile App,Surging in Food,[6569936517007880],6569936517007880,1
USR725fj,False,False,False,8.78,0.16,4.47,Normal,1,1,4,4.0,70,303.4425,1481.5665714285717,62099.21,6394.1,0,26092800.0,0.04,3.0,Single-Tasker,Shopping,Mobile App,Surging in Medical/Dental,[1309156750865545],1309156750865545,1
USR703am,False,False,False,5.67,0.74,3.2,Normal,1,2,5,5.0,46,467.166,280.28456521739133,1083.85,8073.91,0,26697600.0,0.07,3.0,Consistent Weekly,Medical/Dental,In-store,Surging in Gifts,[7344597357704186],7344597357704186,1
USR704Np,False,False,False,6.43,0.33,3.38,Normal,1,2,4,4.0,48,874.9175,2121.6616666666664,71736.42,805.08,0,26006400.0,0.06,3.0,Consistent Weekly,Shopping,Mobile App,Surging in Groceries,[6847503815544676],6847503815544676,1
USR990wn,False,True,False,15.99,28.81,22.4,Normal,1,2,3,3.0,54,29043.49,1916.9657407407408,86982.19,4674.44,0,25660800.0,0.06,3.0,Consistent Weekly,Shopping,In-store,Surging in Transportation,[5201228488286458],5201228488286458,1
USR557yC,False,False,False,1.68,0.8,1.24,Normal,1,2,3,3.0,51,388.82,242.1570588235294,1160.68,6598.85,0,26006400.0,0.06,3.0,Consistent Weekly,Fitness,Mobile App,Surging in Medical/Dental,[4424100999884660],4424100999884660,1
USR165jr,False,False,False,0.56,0.2,0.38,Normal,1,1,2,2.0,50,432.535,253.5422,2948.45,3688.09,0,25920000.0,0.06,3.0,Single-Tasker,Shopping,Mobile App,Surging in Transportation,[1120172210085340],1120172210085340,1
USR203qJ,False,False,False,3.58,0.41,2.0,Normal,1,1,3,3.0,63,55.64666666666667,949.2215873015872,44761.29,3792.35,0,26352000.0,0.05,3.0,Single-Tasker,Shopping,Mobile App,Surging in Subscriptions,[4394889498884221],4394889498884221,1
USR677Eb,False,False,False,5.55,0.84,3.19,Normal,1,1,3,3.0,52,672.6033333333334,2620.7136538461536,104101.2,1103.32,0,27043200.0,0.06,3.0,Single-Tasker,Shopping,Online,Surging in Fitness,[3423390084100941],3423390084100941,1
USR848ei,False,False,False,5.54,0.13,2.84,Normal,1,1,3,3.0,40,97.49333333333334,1630.9615,57019.46,9593.09,0,26265600.0,0.08,3.0,Single-Tasker,Shopping,In-store,Surging in Hobbies,[8812883282142222],8812883282142222,1
USR718eU,False,False,False,2.52,1.09,1.8,Normal,1,2,2,2.0,47,42.24,360.9668085106383,5759.7,4254.8,0,25574400.0,0.06,3.0,Consistent Weekly,Housing and Utilities,Online,Surging in Subscriptions,[1703509542445537],1703509542445537,1
USR162th,False,False,False,9.62,2.07,5.85,Normal,1,3,4,4.0,51,409.1125,1268.758431372549,48135.64,9391.43,0,27734400.0,0.06,3.0,Healthy Active User,Shopping,Mobile App,Surging in Fitness,[4241269848227976],4241269848227976,1
USR279gH,False,False,False,0.58,0.22,0.4,Normal,1,1,2,2.0,47,41.515,310.73574468085104,4078.57,2110.52,0,26784000.0,0.06,3.0,Single-Tasker,Housing and Utilities,Mobile App,Surging in Hobbies,[9625783251295911],9625783251295911,1
USR066Hw,False,False,False,16.33,0.31,8.32,Normal,1,2,2,2.0,60,21.365,4362.008,237032.68,7126.93,0,26438400.0,0.05,3.0,Consistent Weekly,Shopping,Mobile App,Surging in Groceries,[666689254107962],666689254107962,1
USR139QE,False,False,False,3.75,2.04,2.9,Normal,1,2,2,2.0,54,314.39,785.0957407407409,17942.38,9753.51,0,25574400.0,0.06,3.0,Consistent Weekly,Shopping,Online,Surging in Fitness,[580611751812643],580611751812643,1
USR317Xw,False,False,False,12.89,14.04,13.47,Normal,2,2,3,3.0,46,32.38666666666666,278.0878260869565,1821.45,9714.97,0,25660800.0,0.07,3.0,Consistent Weekly,Gifts,In-store,Surging in Subscriptions,[9109926126905843],9109926126905843,1
USR866Vy,False,False,False,6.54,0.86,3.7,Normal,1,1,2,2.0,43,9.265,2731.0432558139537,89270.65,892.06,0,26611200.0,0.07,3.0,Single-Tasker,Shopping,In-store,Surging in Groceries,[5680825864486263],5680825864486263,1
USR672oM,False,False,False,6.08,0.33,3.2,Normal,1,1,4,4.0,52,715.4449999999999,1964.4101923076923,86966.94,9184.34,0,27388800.0,0.06,3.0,Single-Tasker,Shopping,Mobile App,Surging in Fitness,[5274349177174725],5274349177174725,1
USR437KX,False,False,False,8.51,0.73,4.62,Normal,1,1,3,3.0,66,173.79333333333332,2660.013484848485,84697.66,9373.08,0,26438400.0,0.05,3.0,Single-Tasker,Shopping,Mobile App,Surging in Fitness,[8523595065041672],8523595065041672,1
USR415QQ,False,False,False,1.31,0.13,0.72,Normal,1,1,3,3.0,43,114.74666666666668,268.4981395348837,2161.63,7791.69,0,25747200.0,0.07,3.0,Single-Tasker,Personal Hygiene,Mobile App,Surging in Friend Activities,[8079726737611017],8079726737611017,1
USR332Yp,False,False,False,4.2,0.24,2.22,Normal,1,2,2,2.0,48,31.81,1475.0024999999998,56078.04,2504.65,0,27561600.0,0.06,3.0,Consistent Weekly,Shopping,Online,Surging in Personal Hygiene,[2849923410397004],2849923410397004,1
USR598Hk,False,False,False,5.48,0.27,2.88,Normal,1,1,2,2.0,50,1028.8300000000002,1941.2036,84850.45,9642.0,0,25574400.0,0.06,3.0,Single-Tasker,Shopping,Online,Surging in Housing and Utilities,[4564786545467025],4564786545467025,1
USR726VM,False,False,False,3.4,0.08,1.74,Normal,1,1,2,2.0,49,135.26000000000002,1858.097142857143,51052.81,1148.22,0,27820800.0,0.06,3.0,Single-Tasker,Shopping,In-store,Surging in Medical/Dental,[9860410258164577],9860410258164577,1
USR059hG,False,False,False,1.38,0.05,0.72,Normal,1,1,2,2.0,46,68.96,287.26347826086953,2995.22,7646.76,0,25833600.0,0.07,3.0,Single-Tasker,Shopping,Online,Surging in Food,[8718671791689150],8718671791689150,1
USR843Yq,False,False,False,1.27,0.19,0.73,Normal,1,1,2,2.0,50,244.08,343.9458,5113.02,8460.73,0,27388800.0,0.06,3.0,Single-Tasker,Housing and Utilities,In-store,Surging in Shopping,[5296356624620250],5296356624620250,1
USR473tw,False,False,False,10.28,0.29,5.28,Normal,1,1,2,2.0,35,241.45,2315.7874285714283,72604.92,1171.82,0,26697600.0,0.09,3.0,Single-Tasker,Shopping,In-store,Surging in Food,[6184261160522297],6184261160522297,1
USR146jK,False,False,False,2.52,0.03,1.27,Normal,1,1,3,3.0,40,136.69333333333333,292.354,4164.41,4704.08,0,26870400.0,0.08,3.0,Single-Tasker,Shopping,Mobile App,Surging in Travel,[7259110723892288],7259110723892288,1
USR785nU,False,False,False,1.07,0.31,0.69,Normal,1,1,3,3.0,47,736.3933333333334,311.9855319148936,2374.18,6658.35,0,27648000.0,0.06,3.0,Single-Tasker,Gifts,Online,Surging in Gifts,[5647908738059733],5647908738059733,1
USR102Ib,False,False,False,27.44,2.91,15.18,Normal,1,2,3,3.0,49,53.883333333333326,10512.950612244897,278057.06,1427.52,0,26352000.0,0.06,3.0,Consistent Weekly,Shopping,Online,Surging in Hobbies,[1672339357676178],1672339357676178,1
USR350bh,False,False,False,5.7,0.75,3.22,Normal,1,1,4,4.0,38,263.73,232.30578947368423,961.73,3389.31,0,27475200.0,0.08,3.0,Single-Tasker,Medical/Dental,In-store,Surging in Food,[5624025645542408],5624025645542408,1
USR331Xb,False,False,False,3.09,0.12,1.61,Normal,1,1,3,3.0,42,571.2966666666666,1446.5692857142858,52325.26,9407.16,0,26784000.0,0.07,3.0,Single-Tasker,Shopping,In-store,Surging in Fitness,[8495387043163616],8495387043163616,1
USR723TN,False,False,False,0.64,0.02,0.33,Normal,1,1,3,3.0,54,52.0,290.9468518518518,2025.52,6470.11,0,25660800.0,0.06,3.0,Single-Tasker,Travel,In-store,Surging in Gifts,[5756995366242133],5756995366242133,1
USR395Ke,False,False,False,22.4,0.58,11.49,Normal,1,1,1,1.0,58,9.93,6330.366551724137,237483.15,4591.05,0,28080000.0,0.05,3.0,Single-Tasker,Shopping,Online,Surging in Food,[9256222811119772],9256222811119772,1
USR421oQ,True,True,True,45.75,23.0,34.37,Medium,2,2,4,4.0,53,48544.125,8054.62358490566,194038.15,1770.58,0,26697600.0,0.06,3.0,Consistent Weekly,Shopping,Online,Surging in Shopping,[4202420362708024],4202420362708024,1
USR698Vo,False,False,False,3.09,0.66,1.88,Normal,1,1,4,4.0,41,63.7775,312.3517073170732,6502.99,1979.69,0,27043200.0,0.07,3.0,Single-Tasker,Housing and Utilities,Online,Surging in Hobbies,[1043361745109634],1043361745109634,1
USR951HI,False,False,False,7.75,1.06,4.4,Normal,1,2,6,6.0,56,327.1383333333333,429.98785714285714,4892.41,7681.15,0,25660800.0,0.05,3.0,Consistent Weekly,Shopping,Mobile App,Surging in Gifts,[3294169065588118],3294169065588118,1
USR495Vi,False,False,False,22.3,1.21,11.76,Normal,1,1,1,1.0,52,95.47,5908.235576923077,291770.06,6720.12,0,27216000.0,0.06,3.0,Single-Tasker,Shopping,In-store,Surging in Food,[6028934057594631],6028934057594631,1
USR466ol,False,False,False,6.77,0.16,3.47,Normal,1,1,3,3.0,44,693.13,1716.0125,57903.41,2258.55,0,30240000.0,0.07,3.0,Single-Tasker,Shopping,In-store,Surging in Fitness,[681925541759447],681925541759447,1
USR298ko,False,False,False,10.77,1.66,6.21,Normal,1,2,4,4.0,43,69.9425,4590.107441860465,100894.24,6073.33,0,27820800.0,0.07,3.0,Consistent Weekly,Shopping,Mobile App,Surging in Subscriptions,[596778591342074],596778591342074,1
USR914Gc,False,True,False,22.46,29.31,25.88,Normal,1,3,3,3.0,52,29544.18333333333,1939.1251923076925,88178.1,4062.81,0,28771200.0,0.06,3.0,Healthy Active User,Shopping,Online,Surging in Shopping,[4820686598468822],4820686598468822,1
USR310Wm,False,False,False,19.65,0.65,10.15,Normal,1,2,3,3.0,55,377.93,5181.831636363636,271129.92,9217.51,0,27475200.0,0.05,3.0,Consistent Weekly,Shopping,Mobile App,Surging in Travel,[2091804121926538],2091804121926538,1
USR199CW,False,False,False,8.12,1.04,4.58,Normal,1,2,6,6.0,54,398.66833333333335,739.5614814814815,16821.62,6009.97,0,26006400.0,0.06,3.0,Consistent Weekly,Shopping,In-store,Surging in Groceries,[2946558595930254],2946558595930254,1
USR538ia,False,False,False,14.85,13.55,14.2,Normal,2,2,4,4.0,38,695.245,297.50131578947367,2395.57,9866.45,0,25574400.0,0.08,3.0,Consistent Weekly,Shopping,In-store,Surging in Shopping,[4794793466414815],4794793466414815,1
USR272Ng,False,False,False,8.67,0.33,4.5,Normal,1,1,5,5.0,47,58.438,1546.9595744680848,49941.02,8696.91,0,28684800.0,0.06,3.0,Single-Tasker,Shopping,In-store,Surging in Hobbies,[6442995379060004],6442995379060004,1
USR757AI,False,False,False,10.95,1.1,6.03,Normal,1,2,6,6.0,41,38.281666666666666,183.17365853658532,1764.2,1050.76,0,27388800.0,0.07,3.0,Consistent Weekly,Medical/Dental,Online,Surging in Shopping,[822184616482060],822184616482060,1
USR895fU,False,False,False,29.22,1.94,15.58,Normal,1,2,2,2.0,44,91.73,8698.476590909091,317197.82,6848.48,0,25833600.0,0.07,3.0,Consistent Weekly,Shopping,Online,Surging in Subscriptions,[2676493542007193],2676493542007193,1
USR009qR,False,False,False,4.49,0.19,2.34,Normal,1,1,1,1.0,54,19.72,414.8540740740741,6962.42,8095.09,0,25660800.0,0.06,3.0,Single-Tasker,Housing and Utilities,Online,Surging in Friend Activities,[2360682911426535],2360682911426535,1
USR197Mx,False,False,False,8.36,0.63,4.5,Normal,1,2,2,2.0,53,248.565,3665.7449056603778,125798.6,6747.75,0,27043200.0,0.06,3.0,Consistent Weekly,Shopping,Online,Surging in Friend Activities,[6997932965814504],6997932965814504,1
USR926hk,False,False,False,3.9,1.86,2.88,Normal,1,2,2,2.0,50,2380.965,488.014,6867.67,7687.82,0,26524800.0,0.06,3.0,Consistent Weekly,Shopping,In-store,Surging in Friend Activities,[1433655511455988],1433655511455988,1
USR832EJ,False,False,False,6.13,1.22,3.67,Normal,1,2,4,4.0,53,449.1950000000001,2820.6866037735845,68982.29,8531.87,0,27820800.0,0.06,3.0,Consistent Weekly,Shopping,Mobile App,Surging in Subscriptions,[8489335112982257],8489335112982257,1
USR803YO,False,False,False,7.59,1.03,4.31,Normal,1,2,4,4.0,53,430.505,2915.9464150943395,139125.95,4214.95,0,26006400.0,0.06,3.0,Consistent Weekly,Shopping,In-store,Surging in Travel,[6714012310265196],6714012310265196,1
USR489hA,False,False,False,20.5,4.0,12.25,Normal,2,2,4,4.0,54,52.2025,3397.446481481481,171397.48,3133.67,0,25920000.0,0.06,3.0,Consistent Weekly,Shopping,Online,Surging in Subscriptions,[7975352599335891],7975352599335891,1
USR587rm,False,False,False,5.51,1.05,3.28,Normal,1,2,3,3.0,37,301.34,322.0424324324324,2218.78,3603.04,0,25660800.0,0.08,3.0,Consistent Weekly,Fitness,Online,Surging in Gifts,[8193956170168360],8193956170168360,1
USR103fp,False,False,False,34.69,2.36,18.52,Normal,1,3,9,9.0,53,228.95,6150.533396226416,171327.87,3238.99,0,26438400.0,0.06,3.0,Healthy Active User,Shopping,Mobile App,Surging in Gifts,[1736786131442588],1736786131442588,1
USR710BJ,False,False,False,22.7,1.42,12.06,Normal,1,1,3,3.0,42,449.29,7181.775,295387.25,1464.19,0,27302400.0,0.07,3.0,Single-Tasker,Shopping,In-store,Surging in Travel,[6000980453109455],6000980453109455,1
USR964lF,False,False,False,8.44,1.82,5.13,Normal,1,1,6,6.0,57,1319.7966666666666,466.3698245614036,7154.32,2503.87,0,27475200.0,0.05,3.0,Single-Tasker,Housing and Utilities,Online,Surging in Shopping,[8415044179987075],8415044179987075,1
USR901Hl,False,False,False,9.66,0.07,4.87,Normal,1,1,3,3.0,48,128.33666666666667,4887.409166666666,214910.5,2502.25,0,25747200.0,0.06,3.0,Single-Tasker,Shopping,Online,Surging in Gifts,[3251441215462121],3251441215462121,1
USR157Ok,False,False,False,7.7,0.3,4.0,Normal,1,1,1,1.0,56,8.16,1199.4517857142855,58087.43,380.72,0,25660800.0,0.05,3.0,Single-Tasker,Shopping,Online,Surging in Food,[2171207643186722],2171207643186722,1
USR640RH,False,False,False,26.64,3.88,15.26,Normal,2,2,3,3.0,59,983.7366666666668,5347.913898305084,206258.18,9467.61,0,26697600.0,0.05,3.0,Consistent Weekly,Shopping,Mobile App,Surging in Housing and Utilities,[1570228056750408],1570228056750408,1
USR953VW,False,False,False,7.31,1.14,4.23,Normal,1,1,2,2.0,45,247.445,3147.306888888889,94257.77,984.57,0,25833600.0,0.07,3.0,Single-Tasker,Shopping,In-store,Surging in Friend Activities,[5730630380168543],5730630380168543,1
USR155Ld,False,False,False,17.81,6.66,12.23,Normal,1,2,4,4.0,43,11534.8725,5003.338837209302,160789.58,6003.62,0,25920000.0,0.07,3.0,Consistent Weekly,Shopping,Mobile App,Surging in Housing and Utilities,[9794651047068781],9794651047068781,1
USR979Po,False,False,False,4.51,0.94,2.72,Normal,1,1,2,2.0,44,869.96,247.37727272727275,1474.42,1827.89,0,29203200.0,0.07,3.0,Single-Tasker,Fitness,Mobile App,Surging in Gifts,[8642594610423557],8642594610423557,1
USR977PC,False,False,False,12.16,0.23,6.19,Normal,1,1,3,3.0,39,20.466666666666665,4105.607692307693,153334.39,6549.5,0,26352000.0,0.08,3.0,Single-Tasker,Shopping,In-store,Surging in Personal Hygiene,[9363704747859931],9363704747859931,1
USR985cj,False,False,False,15.45,0.12,7.79,Normal,1,1,3,3.0,63,701.8466666666667,5432.480317460318,202656.54,8477.95,0,28339200.0,0.05,3.0,Single-Tasker,Shopping,In-store,Surging in Personal Hygiene,[3915401555195700],3915401555195700,1
USR548Uw,False,False,False,9.88,0.01,4.95,Normal,1,1,2,2.0,53,592.735,3561.961320754717,175084.14,1546.46,0,27734400.0,0.06,3.0,Single-Tasker,Shopping,Mobile App,Surging in Travel,[5565304123593433],5565304123593433,1
USR321bf,False,False,False,4.03,0.4,2.21,Normal,1,1,2,2.0,38,294.08,667.7278947368421,4923.62,3529.41,0,27561600.0,0.08,3.0,Single-Tasker,Housing and Utilities,Mobile App,Surging in Gifts,[53529485970047],53529485970047,1
USR329IV,False,False,False,24.38,1.74,13.06,Normal,1,1,7,7.0,145,-41.87714285714286,-62.70041379310344,89.4,110.0,0,2073600.0,0.03,5.0,Single-Tasker,Transportation,United Airlines,Surging in Transportation,[8329462018937927],8329462018937927,1
USR470Uv,False,False,False,8.47,0.26,4.37,Normal,1,1,3,3.0,49,5.5200000000000005,10.091836734693878,25.0,210.0,0,2160000.0,0.02,1.0,Single-Tasker,Finance,Unknown Merchant,Surging in Finance,[7533070098837544],7533070098837544,1
USR557Nb,False,False,False,9.3,0.26,4.78,Normal,1,1,2,2.0,24,1000.0,1000.0,1000.0,1000.0,0,4406400.0,0.04,1.0,Single-Tasker,Finance,Unknown Merchant,Surging in Finance,[2684042369620013],2684042369620013,1
USR888CC,False,False,False,25.0,2.71,13.86,Normal,1,5,7,7.0,144,665.2857142857143,692.8333333333334,2078.5,410.0,0,3024000.0,0.02,3.0,Healthy Active User,Finance,Unknown Merchant,Surging in Finance,[5127039742533735],5127039742533735,1
USR101Ec,False,False,False,24.84,15.08,19.96,Normal,1,1,2,2.0,24,5850.0,5850.0,5850.0,43200.0,0,4406400.0,0.04,1.0,Single-Tasker,Finance,Unknown Merchant,Surging in Finance,[354977089704960],354977089704960,1
USR277yT,False,False,False,14.78,13.6,14.19,Normal,0,0,0,0.0,0,0.0,0.0,0.0,320.76,0,0.0,0.0,0.0,Low Activity/Trial,,,No Data,[2688976264342716],2688976264342716,1
USR890mz,False,False,False,15.97,3.5,9.74,Normal,0,0,0,0.0,0,0.0,0.0,0.0,23631.9805,0,0.0,0.0,0.0,Low Activity/Trial,,,No Data,[1713682000630580],1713682000630580,1
USR346Lq,False,False,False,20.79,0.26,10.52,Normal,0,0,0,0.0,0,0.0,0.0,0.0,65262.0,0,0.0,0.0,0.0,Low Activity/Trial,,,No Data,[1226830501098187],1226830501098187,1
USR587Gv,False,False,False,18.02,0.26,9.14,Normal,0,0,0,0.0,0,0.0,0.0,0.0,56302.06,0,0.0,0.0,0.0,Low Activity/Trial,,,No Data,[9247735721127157],9247735721127157,1
USR542bK,False,False,False,10.32,0.26,5.29,Normal,0,0,0,0.0,0,0.0,0.0,0.0,6009.0,0,0.0,0.0,0.0,Low Activity/Trial,,,No Data,[9415501525360974],9415501525360974,1
USR037Lk,False,False,False,12.42,18.46,15.44,Normal,0,0,0,0.0,0,0.0,0.0,0.0,12060.0,0,0.0,0.0,0.0,Low Activity/Trial,,,No Data,[9172062937718400],9172062937718400,1
USR076aO,False,False,False,9.95,0.26,5.1,Normal,0,0,0,0.0,0,0.0,0.0,0.0,5020.0,0,0.0,0.0,0.0,Low Activity/Trial,,,No Data,[7504294204576727],7504294204576727,1
USR542rd,False,False,False,24.15,1.81,12.98,Normal,1,1,7,7.0,145,-41.87714285714286,-62.70041379310344,89.4,110.0,0,2073600.0,0.04,6.0,Single-Tasker,Transportation,United Airlines,Surging in Transportation,[5335839823532000],5335839823532000,1
USR628FF,False,False,False,8.47,0.26,4.37,Normal,1,1,3,3.0,49,5.5200000000000005,10.091836734693878,25.0,210.0,0,2160000.0,0.02,1.0,Single-Tasker,Finance,Unknown Merchant,Surging in Finance,[6866188988230377],6866188988230377,1
USR981sU,False,False,False,9.3,0.26,4.78,Normal,1,1,2,2.0,24,1000.0,1000.0,1000.0,1000.0,0,4406400.0,0.04,1.0,Single-Tasker,Finance,Unknown Merchant,Surging in Finance,[5300673133886394],5300673133886394,1
USR138nO,False,False,False,25.0,2.71,13.86,Normal,1,5,7,7.0,144,665.2857142857143,692.8333333333334,2078.5,410.0,0,3024000.0,0.02,3.0,Healthy Active User,Finance,Unknown Merchant,Surging in Finance,[8779921639369214],8779921639369214,1
USR352dx,False,False,False,24.84,15.08,19.96,Normal,1,1,2,2.0,24,5850.0,5850.0,5850.0,43200.0,0,4406400.0,0.04,1.0,Single-Tasker,Finance,Unknown Merchant,Surging in Finance,[7701331840682174],7701331840682174,1
USR465JE,False,False,False,14.78,13.6,14.19,Normal,0,0,0,0.0,0,0.0,0.0,0.0,320.76,0,0.0,0.0,0.0,Low Activity/Trial,,,No Data,[3220460875328937],3220460875328937,1
USR637Ps,False,False,False,15.97,3.5,9.74,Normal,0,0,0,0.0,0,0.0,0.0,0.0,23631.9805,0,0.0,0.0,0.0,Low Activity/Trial,,,No Data,[3839065158656776],3839065158656776,1
USR958Ub,False,False,False,20.79,0.26,10.52,Normal,0,0,0,0.0,0,0.0,0.0,0.0,65262.0,0,0.0,0.0,0.0,Low Activity/Trial,,,No Data,[5660503857241281],5660503857241281,1
USR432HO,False,False,False,18.02,0.26,9.14,Normal,0,0,0,0.0,0,0.0,0.0,0.0,56302.06,0,0.0,0.0,0.0,Low Activity/Trial,,,No Data,[910457921111197],910457921111197,1
USR600iP,False,False,False,10.32,0.26,5.29,Normal,0,0,0,0.0,0,0.0,0.0,0.0,6009.0,0,0.0,0.0,0.0,Low Activity/Trial,,,No Data,[7410813586801292],7410813586801292,1
USR702jw,False,False,False,12.42,18.46,15.44,Normal,0,0,0,0.0,0,0.0,0.0,0.0,12060.0,0,0.0,0.0,0.0,Low Activity/Trial,,,No Data,[6167265296671113],6167265296671113,1
USR967NT,False,False,False,9.95,0.26,5.1,Normal,0,0,0,0.0,0,0.0,0.0,0.0,5020.0,0,0.0,0.0,0.0,Low Activity/Trial,,,No Data,[2211850452351905],2211850452351905,1
USR761gu,False,False,False,24.15,1.81,12.98,Normal,1,1,7,7.0,145,-41.87714285714286,-62.70041379310344,89.4,110.0,0,2073600.0,0.04,6.0,Single-Tasker,Transportation,United Airlines,Surging in Transportation,[5019787361317249],5019787361317249,1
USR940yP,False,False,False,8.47,0.26,4.37,Normal,1,1,3,3.0,49,5.5200000000000005,10.091836734693878,25.0,210.0,0,2160000.0,0.02,1.0,Single-Tasker,Finance,Unknown Merchant,Surging in Finance,[9327060056983853],9327060056983853,1
USR721Sq,False,False,False,9.3,0.26,4.78,Normal,1,1,2,2.0,24,1000.0,1000.0,1000.0,1000.0,0,4406400.0,0.04,1.0,Single-Tasker,Finance,Unknown Merchant,Surging in Finance,[6303715070748633],6303715070748633,1
USR051Ap,False,False,False,25.0,2.71,13.86,Normal,1,5,7,7.0,144,665.2857142857143,692.8333333333334,2078.5,410.0,0,3024000.0,0.02,3.0,Healthy Active User,Finance,Unknown Merchant,Surging in Finance,[756028260670192],756028260670192,1
USR525bL,False,False,False,24.84,15.08,19.96,Normal,1,1,2,2.0,24,5850.0,5850.0,5850.0,43200.0,0,4406400.0,0.04,1.0,Single-Tasker,Finance,Unknown Merchant,Surging in Finance,[7408292713444684],7408292713444684,1
USR981TN,False,False,False,14.78,13.6,14.19,Normal,0,0,0,0.0,0,0.0,0.0,0.0,320.76,0,0.0,0.0,0.0,Low Activity/Trial,,,No Data,[8969927450614649],8969927450614649,1
USR375UA,False,False,False,15.97,3.5,9.74,Normal,0,0,0,0.0,0,0.0,0.0,0.0,23631.9805,0,0.0,0.0,0.0,Low Activity/Trial,,,No Data,[2749694207254219],2749694207254219,1
USR668BV,False,False,False,20.79,0.26,10.52,Normal,0,0,0,0.0,0,0.0,0.0,0.0,65262.0,0,0.0,0.0,0.0,Low Activity/Trial,,,No Data,[5198809326291652],5198809326291652,1
USR056dz,False,False,False,18.02,0.26,9.14,Normal,0,0,0,0.0,0,0.0,0.0,0.0,56302.06,0,0.0,0.0,0.0,Low Activity/Trial,,,No Data,[5617546409845686],5617546409845686,1
USR678Jt,False,False,False,10.32,0.26,5.29,Normal,0,0,0,0.0,0,0.0,0.0,0.0,6009.0,0,0.0,0.0,0.0,Low Activity/Trial,,,No Data,[1564190870472144],1564190870472144,1
USR745Bz,False,False,False,12.42,18.46,15.44,Normal,0,0,0,0.0,0,0.0,0.0,0.0,12060.0,0,0.0,0.0,0.0,Low Activity/Trial,,,No Data,[7737622806933532],7737622806933532,1
USR625kR,False,False,False,9.95,0.26,5.1,Normal,0,0,0,0.0,0,0.0,0.0,0.0,5020.0,0,0.0,0.0,0.0,Low Activity/Trial,,,No Data,[3523565724426433],3523565724426433,1
USR398kh,False,False,False,24.15,1.81,12.98,Normal,1,1,7,7.0,145,-41.87714285714286,-62.70041379310344,89.4,110.0,0,2073600.0,0.04,6.0,Single-Tasker,Transportation,United Airlines,Surging in Transportation,[1738673592492369],1738673592492369,1
USR986Sg,False,False,False,8.47,0.26,4.37,Normal,1,1,3,3.0,49,5.5200000000000005,10.091836734693878,25.0,210.0,0,2160000.0,0.02,1.0,Single-Tasker,Finance,Unknown Merchant,Surging in Finance,[2228591593790193],2228591593790193,1
USR272FG,False,False,False,9.3,0.26,4.78,Normal,1,1,2,2.0,24,1000.0,1000.0,1000.0,1000.0,0,4406400.0,0.04,1.0,Single-Tasker,Finance,Unknown Merchant,Surging in Finance,[5910752159066693],5910752159066693,1
USR907oy,False,False,False,25.0,2.71,13.86,Normal,1,5,7,7.0,144,665.2857142857143,692.8333333333334,2078.5,410.0,0,3024000.0,0.02,3.0,Healthy Active User,Finance,Unknown Merchant,Surging in Finance,[6162147641954332],6162147641954332,1
USR678LY,False,False,False,24.84,15.08,19.96,Normal,1,1,2,2.0,24,5850.0,5850.0,5850.0,43200.0,0,4406400.0,0.04,1.0,Single-Tasker,Finance,Unknown Merchant,Surging in Finance,[832068608857768],832068608857768,1
USR626bp,False,False,False,14.78,13.6,14.19,Normal,0,0,0,0.0,0,0.0,0.0,0.0,320.76,0,0.0,0.0,0.0,Low Activity/Trial,,,No Data,[9597173000207414],9597173000207414,1
USR030tI,False,False,False,15.97,3.5,9.74,Normal,0,0,0,0.0,0,0.0,0.0,0.0,23631.9805,0,0.0,0.0,0.0,Low Activity/Trial,,,No Data,[5625862511743879],5625862511743879,1
USR703hK,False,False,False,20.79,0.26,10.52,Normal,0,0,0,0.0,0,0.0,0.0,0.0,65262.0,0,0.0,0.0,0.0,Low Activity/Trial,,,No Data,[3726214598288731],3726214598288731,1
USR401gL,False,False,False,18.02,0.26,9.14,Normal,0,0,0,0.0,0,0.0,0.0,0.0,56302.06,0,0.0,0.0,0.0,Low Activity/Trial,,,No Data,[215253618305302],215253618305302,1
USR277dW,False,False,False,10.32,0.26,5.29,Normal,0,0,0,0.0,0,0.0,0.0,0.0,6009.0,0,0.0,0.0,0.0,Low Activity/Trial,,,No Data,[9369893668505940],9369893668505940,1
USR514qc,False,False,False,12.42,18.46,15.44,Normal,0,0,0,0.0,0,0.0,0.0,0.0,12060.0,0,0.0,0.0,0.0,Low Activity/Trial,,,No Data,[2063414878712931],2063414878712931,1
USR259ou,False,False,False,9.95,0.26,5.1,Normal,0,0,0,0.0,0,0.0,0.0,0.0,5020.0,0,0.0,0.0,0.0,Low Activity/Trial,,,No Data,[8485808463381494],8485808463381494,1
USR340wo,True,False,False,94.82,4.95,49.89,Normal,5,22,107,107.0,107,38.73710280373832,38.73710280373832,1400.0,110.0,0,2073600.0,0.77,82.0,High-Intensity User,Finance,Unknown Merchant,Surging in Transportation,[1198953315766337],1198953315766337,1
USR471zI,False,False,False,39.95,0.54,20.24,Normal,1,1,1,1.0,1,-4.22,-4.22,-4.22,210.0,0,2160000.0,1.0,1.0,Single-Tasker,Finance,Unknown Merchant,Surging in Finance,[3822805229673985],3822805229673985,1
USR514Mj,False,False,False,43.65,0.56,22.11,Normal,1,1,1,1.0,1,1000.0,1000.0,1000.0,1205.0,0,4406400.0,1.0,1.0,Single-Tasker,Finance,Unknown Merchant,Surging in Finance,[7019266951689704],7019266951689704,1
USR486wN,True,False,False,45.05,0.19,22.62,Normal,1,5,7,7.0,7,589.7857142857143,589.7857142857143,2078.5,410.0,0,3024000.0,0.71,5.0,Healthy Active User,Finance,Unknown Merchant,Surging in Finance,[3078405587064632],3078405587064632,1
USR707cn,False,False,False,18.02,0.26,9.14,Normal,0,0,0,0.0,0,0.0,0.0,0.0,56302.06,0,0.0,0.0,0.0,Low Activity/Trial,,,No Data,[7989562485424445],7989562485424445,1
USR229Pm,False,False,False,9.95,0.26,5.1,Normal,0,0,0,0.0,0,0.0,0.0,0.0,5020.0,0,0.0,0.0,0.0,Low Activity/Trial,,,No Data,[4336935723507081],4336935723507081,1
USR844Zm,False,False,False,24.38,1.74,13.06,Normal,1,1,7,7.0,145,-41.87714285714286,-62.70041379310344,89.4,110.0,0,2073600.0,0.03,5.0,Single-Tasker,Transportation,United Airlines,Surging in Transportation,[3531198008211877],3531198008211877,1
USR001ul,False,False,False,8.47,0.26,4.37,Normal,1,1,3,3.0,49,5.5200000000000005,10.091836734693878,25.0,210.0,0,2160000.0,0.02,1.0,Single-Tasker,Finance,Unknown Merchant,Surging in Finance,[2072980663691903],2072980663691903,1
USR333eC,False,False,False,9.3,0.26,4.78,Normal,1,1,2,2.0,24,1000.0,1000.0,1000.0,1000.0,0,4406400.0,0.04,1.0,Single-Tasker,Finance,Unknown Merchant,Surging in Finance,[696290108317009],696290108317009,1
USR964ub,False,False,False,25.0,2.71,13.86,Normal,1,5,7,7.0,144,665.2857142857143,692.8333333333334,2078.5,410.0,0,3024000.0,0.02,3.0,Healthy Active User,Finance,Unknown Merchant,Surging in Finance,[5326666390096885],5326666390096885,1
USR827NH,False,False,False,24.84,15.08,19.96,Normal,1,1,2,2.0,24,5850.0,5850.0,5850.0,43200.0,0,4406400.0,0.04,1.0,Single-Tasker,Finance,Unknown Merchant,Surging in Finance,[210381283745659],210381283745659,1
USR871gH,False,False,False,14.78,13.6,14.19,Normal,0,0,0,0.0,0,0.0,0.0,0.0,320.76,0,0.0,0.0,0.0,Low Activity/Trial,,,No Data,[5753541542331337],5753541542331337,1
USR704Hs,False,False,False,15.97,3.5,9.74,Normal,0,0,0,0.0,0,0.0,0.0,0.0,23631.9805,0,0.0,0.0,0.0,Low Activity/Trial,,,No Data,[7402124834064455],7402124834064455,1
USR566Ig,False,False,False,20.79,0.26,10.52,Normal,0,0,0,0.0,0,0.0,0.0,0.0,65262.0,0,0.0,0.0,0.0,Low Activity/Trial,,,No Data,[7651711661469655],7651711661469655,1
USR272eU,False,False,False,18.02,0.26,9.14,Normal,0,0,0,0.0,0,0.0,0.0,0.0,56302.06,0,0.0,0.0,0.0,Low Activity/Trial,,,No Data,[8198130121675443],8198130121675443,1
USR971nl,False,False,False,10.32,0.26,5.29,Normal,0,0,0,0.0,0,0.0,0.0,0.0,6009.0,0,0.0,0.0,0.0,Low Activity/Trial,,,No Data,[187004967010284],187004967010284,1
USR575ro,False,False,False,12.42,18.46,15.44,Normal,0,0,0,0.0,0,0.0,0.0,0.0,12060.0,0,0.0,0.0,0.0,Low Activity/Trial,,,No Data,[6493126112374698],6493126112374698,1
USR464Az,False,False,False,9.95,0.26,5.1,Normal,0,0,0,0.0,0,0.0,0.0,0.0,5020.0,0,0.0,0.0,0.0,Low Activity/Trial,,,No Data,[28196213715029],28196213715029,1
USR264Ys,False,False,False,24.15,1.81,12.98,Normal,1,1,7,7.0,145,-41.87714285714286,-62.70041379310344,89.4,110.0,0,2073600.0,0.04,6.0,Single-Tasker,Transportation,United Airlines,Surging in Transportation,[3296804033846165],3296804033846165,1
USR263pz,False,False,False,8.47,0.26,4.37,Normal,1,1,3,3.0,49,5.5200000000000005,10.091836734693878,25.0,210.0,0,2160000.0,0.02,1.0,Single-Tasker,Finance,Unknown Merchant,Surging in Finance,[9742732280297836],9742732280297836,1
USR840Il,False,False,False,9.3,0.26,4.78,Normal,1,1,2,2.0,24,1000.0,1000.0,1000.0,1000.0,0,4406400.0,0.04,1.0,Single-Tasker,Finance,Unknown Merchant,Surging in Finance,[9457973740993925],9457973740993925,1
USR950fn,False,False,False,25.0,2.71,13.86,Normal,1,5,7,7.0,144,665.2857142857143,692.8333333333334,2078.5,410.0,0,3024000.0,0.02,3.0,Healthy Active User,Finance,Unknown Merchant,Surging in Finance,[6486997796023848],6486997796023848,1
USR562FO,False,False,False,24.84,15.08,19.96,Normal,1,1,2,2.0,24,5850.0,5850.0,5850.0,43200.0,0,4406400.0,0.04,1.0,Single-Tasker,Finance,Unknown Merchant,Surging in Finance,[1523804154543348],1523804154543348,1
USR214bO,False,False,False,14.78,13.6,14.19,Normal,0,0,0,0.0,0,0.0,0.0,0.0,320.76,0,0.0,0.0,0.0,Low Activity/Trial,,,No Data,[6602979340390607],6602979340390607,1
USR355WP,False,False,False,15.97,3.5,9.74,Normal,0,0,0,0.0,0,0.0,0.0,0.0,23631.9805,0,0.0,0.0,0.0,Low Activity/Trial,,,No Data,[879213559413477],879213559413477,1
USR707rn,False,False,False,20.79,0.26,10.52,Normal,0,0,0,0.0,0,0.0,0.0,0.0,65262.0,0,0.0,0.0,0.0,Low Activity/Trial,,,No Data,[7961352091519956],7961352091519956,1
USR229Dn,False,False,False,18.02,0.26,9.14,Normal,0,0,0,0.0,0,0.0,0.0,0.0,56302.06,0,0.0,0.0,0.0,Low Activity/Trial,,,No Data,[1937337834166716],1937337834166716,1
USR194uB,False,False,False,10.32,0.26,5.29,Normal,0,0,0,0.0,0,0.0,0.0,0.0,6009.0,0,0.0,0.0,0.0,Low Activity/Trial,,,No Data,[1176602273144749],1176602273144749,1
USR071ef,False,False,False,12.42,18.46,15.44,Normal,0,0,0,0.0,0,0.0,0.0,0.0,12060.0,0,0.0,0.0,0.0,Low Activity/Trial,,,No Data,[1678562489917154],1678562489917154,1
USR998yq,False,False,False,9.95,0.26,5.1,Normal,0,0,0,0.0,0,0.0,0.0,0.0,5020.0,0,0.0,0.0,0.0,Low Activity/Trial,,,No Data,[2151867961125077],2151867961125077,1
USR869qe,True,False,False,94.82,4.95,49.89,Normal,5,22,107,107.0,107,38.73710280373832,38.73710280373832,1400.0,110.0,0,2073600.0,0.77,82.0,High-Intensity User,Finance,Unknown Merchant,Surging in Transportation,[6181856845425308],6181856845425308,1
USR024KD,False,False,False,39.95,0.54,20.24,Normal,1,1,1,1.0,1,-4.22,-4.22,-4.22,210.0,0,2160000.0,1.0,1.0,Single-Tasker,Finance,Unknown Merchant,Surging in Finance,[2633347958766607],2633347958766607,1
USR661QD,False,False,False,43.65,0.56,22.11,Normal,1,1,1,1.0,1,1000.0,1000.0,1000.0,1205.0,0,4406400.0,1.0,1.0,Single-Tasker,Finance,Unknown Merchant,Surging in Finance,[7504141785861895],7504141785861895,1
USR006To,True,False,False,45.05,0.19,22.62,Normal,1,5,7,7.0,7,589.7857142857143,589.7857142857143,2078.5,410.0,0,3024000.0,0.71,5.0,Healthy Active User,Finance,Unknown Merchant,Surging in Finance,[7595805029500185],7595805029500185,1
USR785BT,False,False,False,18.02,0.26,9.14,Normal,0,0,0,0.0,0,0.0,0.0,0.0,56302.06,0,0.0,0.0,0.0,Low Activity/Trial,,,No Data,[4550933692066212],4550933692066212,1
USR154xS,False,False,False,9.95,0.26,5.1,Normal,0,0,0,0.0,0,0.0,0.0,0.0,5020.0,0,0.0,0.0,0.0,Low Activity/Trial,,,No Data,[6043049788919471],6043049788919471,1
USR273gg,False,False,False,24.38,1.74,13.06,Normal,1,1,7,7.0,145,-41.87714285714286,-62.70041379310344,89.4,110.0,0,2073600.0,0.03,5.0,Single-Tasker,Transportation,United Airlines,Surging in Transportation,[1283166173158353],1283166173158353,1
USR507pL,False,False,False,8.47,0.26,4.37,Normal,1,1,3,3.0,49,5.5200000000000005,10.091836734693878,25.0,210.0,0,2160000.0,0.02,1.0,Single-Tasker,Finance,Unknown Merchant,Surging in Finance,[6009507956600498],6009507956600498,1
USR305BD,False,False,False,9.3,0.26,4.78,Normal,1,1,2,2.0,24,1000.0,1000.0,1000.0,1000.0,0,4406400.0,0.04,1.0,Single-Tasker,Finance,Unknown Merchant,Surging in Finance,[1795115276661323],1795115276661323,1
USR002SI,False,False,False,25.0,2.71,13.86,Normal,1,5,7,7.0,144,665.2857142857143,692.8333333333334,2078.5,410.0,0,3024000.0,0.02,3.0,Healthy Active User,Finance,Unknown Merchant,Surging in Finance,[2535382260794098],2535382260794098,1
USR718AA,False,False,False,24.84,15.08,19.96,Normal,1,1,2,2.0,24,5850.0,5850.0,5850.0,43200.0,0,4406400.0,0.04,1.0,Single-Tasker,Finance,Unknown Merchant,Surging in Finance,[7210436570635510],7210436570635510,1
USR779vk,False,False,False,14.78,13.6,14.19,Normal,0,0,0,0.0,0,0.0,0.0,0.0,320.76,0,0.0,0.0,0.0,Low Activity/Trial,,,No Data,[3820254180235229],3820254180235229,1
USR738SY,False,False,False,15.97,3.5,9.74,Normal,0,0,0,0.0,0,0.0,0.0,0.0,23631.9805,0,0.0,0.0,0.0,Low Activity/Trial,,,No Data,[7844100699610608],7844100699610608,1
USR722lH,False,False,False,20.79,0.26,10.52,Normal,0,0,0,0.0,0,0.0,0.0,0.0,65262.0,0,0.0,0.0,0.0,Low Activity/Trial,,,No Data,[3940692650027098],3940692650027098,1
USR525Mo,False,False,False,18.02,0.26,9.14,Normal,0,0,0,0.0,0,0.0,0.0,0.0,56302.06,0,0.0,0.0,0.0,Low Activity/Trial,,,No Data,[5816057104402398],5816057104402398,1
USR664JN,False,False,False,10.32,0.26,5.29,Normal,0,0,0,0.0,0,0.0,0.0,0.0,6009.0,0,0.0,0.0,0.0,Low Activity/Trial,,,No Data,[6994701648739586],6994701648739586,1
USR281jP,False,False,False,12.42,18.46,15.44,Normal,0,0,0,0.0,0,0.0,0.0,0.0,12060.0,0,0.0,0.0,0.0,Low Activity/Trial,,,No Data,[8797569966313978],8797569966313978,1
USR143dp,False,False,False,9.95,0.26,5.1,Normal,0,0,0,0.0,0,0.0,0.0,0.0,5020.0,0,0.0,0.0,0.0,Low Activity/Trial,,,No Data,[9930706642522650],9930706642522650,1
USR101Wd,False,False,False,24.38,1.74,13.06,Normal,1,1,7,7.0,145,-41.87714285714286,-62.70041379310344,89.4,110.0,0,2073600.0,0.03,5.0,Single-Tasker,Transportation,United Airlines,Surging in Transportation,[646336222041931],646336222041931,1
USR926eP,False,False,False,8.47,0.26,4.37,Normal,1,1,3,3.0,49,5.5200000000000005,10.091836734693878,25.0,210.0,0,2160000.0,0.02,1.0,Single-Tasker,Finance,Unknown Merchant,Surging in Finance,[4445817876412457],4445817876412457,1
USR671AL,False,False,False,9.3,0.26,4.78,Normal,1,1,2,2.0,24,1000.0,1000.0,1000.0,1000.0,0,4406400.0,0.04,1.0,Single-Tasker,Finance,Unknown Merchant,Surging in Finance,[4859792422506193],4859792422506193,1
USR032gM,False,False,False,25.0,2.71,13.86,Normal,1,5,7,7.0,144,665.2857142857143,692.8333333333334,2078.5,410.0,0,3024000.0,0.02,3.0,Healthy Active User,Finance,Unknown Merchant,Surging in Finance,[2198777834273947],2198777834273947,1
USR510PJ,False,False,False,24.84,15.08,19.96,Normal,1,1,2,2.0,24,5850.0,5850.0,5850.0,43200.0,0,4406400.0,0.04,1.0,Single-Tasker,Finance,Unknown Merchant,Surging in Finance,[6327975332103420],6327975332103420,1
USR681MW,False,False,False,14.78,13.6,14.19,Normal,0,0,0,0.0,0,0.0,0.0,0.0,320.76,0,0.0,0.0,0.0,Low Activity/Trial,,,No Data,[9613311253817893],9613311253817893,1
USR550Li,False,False,False,15.97,3.5,9.74,Normal,0,0,0,0.0,0,0.0,0.0,0.0,23631.9805,0,0.0,0.0,0.0,Low Activity/Trial,,,No Data,[557337581354939],557337581354939,1
USR313wr,False,False,False,20.79,0.26,10.52,Normal,0,0,0,0.0,0,0.0,0.0,0.0,65262.0,0,0.0,0.0,0.0,Low Activity/Trial,,,No Data,[59301204861549],59301204861549,1
USR103Aa,False,False,False,18.02,0.26,9.14,Normal,0,0,0,0.0,0,0.0,0.0,0.0,56302.06,0,0.0,0.0,0.0,Low Activity/Trial,,,No Data,[2399458296031060],2399458296031060,1
USR905Io,False,False,False,10.32,0.26,5.29,Normal,0,0,0,0.0,0,0.0,0.0,0.0,6009.0,0,0.0,0.0,0.0,Low Activity/Trial,,,No Data,[2652426453006440],2652426453006440,1
USR803MW,False,False,False,12.42,18.46,15.44,Normal,0,0,0,0.0,0,0.0,0.0,0.0,12060.0,0,0.0,0.0,0.0,Low Activity/Trial,,,No Data,[7444931932683187],7444931932683187,1
USR739hH,False,False,False,9.95,0.26,5.1,Normal,0,0,0,0.0,0,0.0,0.0,0.0,5020.0,0,0.0,0.0,0.0,Low Activity/Trial,,,No Data,[4990228615827169],4990228615827169,1
USR888gq,False,False,False,24.15,1.81,12.98,Normal,1,1,7,7.0,145,-41.87714285714286,-62.70041379310344,89.4,110.0,0,2073600.0,0.04,6.0,Single-Tasker,Transportation,United Airlines,Surging in Transportation,[3507827578780225],3507827578780225,1
USR594QR,False,False,False,8.47,0.26,4.37,Normal,1,1,3,3.0,49,5.5200000000000005,10.091836734693878,25.0,210.0,0,2160000.0,0.02,1.0,Single-Tasker,Finance,Unknown Merchant,Surging in Finance,[3296688946946025],3296688946946025,1
USR724hb,False,False,False,9.3,0.26,4.78,Normal,1,1,2,2.0,24,1000.0,1000.0,1000.0,1000.0,0,4406400.0,0.04,1.0,Single-Tasker,Finance,Unknown Merchant,Surging in Finance,[5110063386224117],5110063386224117,1
USR298fI,False,False,False,25.0,2.71,13.86,Normal,1,5,7,7.0,144,665.2857142857143,692.8333333333334,2078.5,410.0,0,3024000.0,0.02,3.0,Healthy Active User,Finance,Unknown Merchant,Surging in Finance,[5327573936436020],5327573936436020,1
USR365gu,False,False,False,24.84,15.08,19.96,Normal,1,1,2,2.0,24,5850.0,5850.0,5850.0,43200.0,0,4406400.0,0.04,1.0,Single-Tasker,Finance,Unknown Merchant,Surging in Finance,[1578443599189599],1578443599189599,1
USR896rm,False,False,False,14.78,13.6,14.19,Normal,0,0,0,0.0,0,0.0,0.0,0.0,320.76,0,0.0,0.0,0.0,Low Activity/Trial,,,No Data,[8841660311519964],8841660311519964,1
USR577jk,False,False,False,15.97,3.5,9.74,Normal,0,0,0,0.0,0,0.0,0.0,0.0,23631.9805,0,0.0,0.0,0.0,Low Activity/Trial,,,No Data,[5296515033857715],5296515033857715,1
USR331cF,False,False,False,20.79,0.26,10.52,Normal,0,0,0,0.0,0,0.0,0.0,0.0,65262.0,0,0.0,0.0,0.0,Low Activity/Trial,,,No Data,[2666404859876306],2666404859876306,1
USR163SC,False,False,False,18.02,0.26,9.14,Normal,0,0,0,0.0,0,0.0,0.0,0.0,56302.06,0,0.0,0.0,0.0,Low Activity/Trial,,,No Data,[1113145117305092],1113145117305092,1
USR899td,False,False,False,10.32,0.26,5.29,Normal,0,0,0,0.0,0,0.0,0.0,0.0,6009.0,0,0.0,0.0,0.0,Low Activity/Trial,,,No Data,[5131634906844910],5131634906844910,1
USR465ID,False,False,False,12.42,18.46,15.44,Normal,0,0,0,0.0,0,0.0,0.0,0.0,12060.0,0,0.0,0.0,0.0,Low Activity/Trial,,,No Data,[8700910496404136],8700910496404136,1
USR783VD,False,False,False,9.95,0.26,5.1,Normal,0,0,0,0.0,0,0.0,0.0,0.0,5020.0,0,0.0,0.0,0.0,Low Activity/Trial,,,No Data,[4515603107701587],4515603107701587,1
USR174bk,False,False,False,24.15,1.81,12.98,Normal,1,1,7,7.0,145,-41.87714285714286,-62.70041379310344,89.4,110.0,0,2073600.0,0.04,6.0,Single-Tasker,Transportation,United Airlines,Surging in Transportation,[2289245983297431],2289245983297431,1
USR673Ud,False,False,False,8.47,0.26,4.37,Normal,1,1,3,3.0,49,5.5200000000000005,10.091836734693878,25.0,210.0,0,2160000.0,0.02,1.0,Single-Tasker,Finance,Unknown Merchant,Surging in Finance,[3665809445377159],3665809445377159,1
USR554bC,False,False,False,9.3,0.26,4.78,Normal,1,1,2,2.0,24,1000.0,1000.0,1000.0,1000.0,0,4406400.0,0.04,1.0,Single-Tasker,Finance,Unknown Merchant,Surging in Finance,[9749369644991904],9749369644991904,1
USR530Nq,False,False,False,25.0,2.71,13.86,Normal,1,5,7,7.0,144,665.2857142857143,692.8333333333334,2078.5,410.0,0,3024000.0,0.02,3.0,Healthy Active User,Finance,Unknown Merchant,Surging in Finance,[2453670144577036],2453670144577036,1
USR451il,False,False,False,24.84,15.08,19.96,Normal,1,1,2,2.0,24,5850.0,5850.0,5850.0,43200.0,0,4406400.0,0.04,1.0,Single-Tasker,Finance,Unknown Merchant,Surging in Finance,[3817672132399883],3817672132399883,1
USR974tj,False,False,False,14.78,13.6,14.19,Normal,0,0,0,0.0,0,0.0,0.0,0.0,320.76,0,0.0,0.0,0.0,Low Activity/Trial,,,No Data,[9304708597857449],9304708597857449,1
USR058Df,False,False,False,15.97,3.5,9.74,Normal,0,0,0,0.0,0,0.0,0.0,0.0,23631.9805,0,0.0,0.0,0.0,Low Activity/Trial,,,No Data,[2119813250889144],2119813250889144,1
USR971rW,False,False,False,20.79,0.26,10.52,Normal,0,0,0,0.0,0,0.0,0.0,0.0,65262.0,0,0.0,0.0,0.0,Low Activity/Trial,,,No Data,[3955297428706598],3955297428706598,1
USR853pE,False,False,False,18.02,0.26,9.14,Normal,0,0,0,0.0,0,0.0,0.0,0.0,56302.06,0,0.0,0.0,0.0,Low Activity/Trial,,,No Data,[1081306276880209],1081306276880209,1
USR530od,False,False,False,10.32,0.26,5.29,Normal,0,0,0,0.0,0,0.0,0.0,0.0,6009.0,0,0.0,0.0,0.0,Low Activity/Trial,,,No Data,[2107363910776935],2107363910776935,1
USR797BB,False,False,False,12.42,18.46,15.44,Normal,0,0,0,0.0,0,0.0,0.0,0.0,12060.0,0,0.0,0.0,0.0,Low Activity/Trial,,,No Data,[4411584653276646],4411584653276646,1
USR525OW,False,False,False,9.95,0.26,5.1,Normal,0,0,0,0.0,0,0.0,0.0,0.0,5020.0,0,0.0,0.0,0.0,Low Activity/Trial,,,No Data,[1355033567547431],1355033567547431,1
USR017aL,False,False,False,24.15,1.81,12.98,Normal,1,1,7,7.0,145,-41.87714285714286,-62.70041379310344,89.4,110.0,0,2073600.0,0.04,6.0,Single-Tasker,Transportation,United Airlines,Surging in Transportation,[4916050943390846],4916050943390846,1
USR087Jg,False,False,False,8.47,0.26,4.37,Normal,1,1,3,3.0,49,5.5200000000000005,10.091836734693878,25.0,210.0,0,2160000.0,0.02,1.0,Single-Tasker,Finance,Unknown Merchant,Surging in Finance,[9482376481652407],9482376481652407,1
USR116fM,False,False,False,9.3,0.26,4.78,Normal,1,1,2,2.0,24,1000.0,1000.0,1000.0,1000.0,0,4406400.0,0.04,1.0,Single-Tasker,Finance,Unknown Merchant,Surging in Finance,[909128744072065],909128744072065,1
USR104pB,False,False,False,25.0,2.71,13.86,Normal,1,5,7,7.0,144,665.2857142857143,692.8333333333334,2078.5,410.0,0,3024000.0,0.02,3.0,Healthy Active User,Finance,Unknown Merchant,Surging in Finance,[3827033942254075],3827033942254075,1
USR799Rk,False,False,False,24.84,15.08,19.96,Normal,1,1,2,2.0,24,5850.0,5850.0,5850.0,43200.0,0,4406400.0,0.04,1.0,Single-Tasker,Finance,Unknown Merchant,Surging in Finance,[1399053480162906],1399053480162906,1
USR278dn,False,False,False,14.78,13.6,14.19,Normal,0,0,0,0.0,0,0.0,0.0,0.0,320.76,0,0.0,0.0,0.0,Low Activity/Trial,,,No Data,[5495666411578429],5495666411578429,1
USR239qk,False,False,False,15.97,3.5,9.74,Normal,0,0,0,0.0,0,0.0,0.0,0.0,23631.9805,0,0.0,0.0,0.0,Low Activity/Trial,,,No Data,[2657412332291008],2657412332291008,1
USR556Wi,False,False,False,20.79,0.26,10.52,Normal,0,0,0,0.0,0,0.0,0.0,0.0,65262.0,0,0.0,0.0,0.0,Low Activity/Trial,,,No Data,[5263026712384091],5263026712384091,1
USR872Ih,False,False,False,18.02,0.26,9.14,Normal,0,0,0,0.0,0,0.0,0.0,0.0,56302.06,0,0.0,0.0,0.0,Low Activity/Trial,,,No Data,[7540373052583321],7540373052583321,1
USR679Eq,False,False,False,10.32,0.26,5.29,Normal,0,0,0,0.0,0,0.0,0.0,0.0,6009.0,0,0.0,0.0,0.0,Low Activity/Trial,,,No Data,[2554609614776567],2554609614776567,1
USR163rM,False,False,False,12.42,18.46,15.44,Normal,0,0,0,0.0,0,0.0,0.0,0.0,12060.0,0,0.0,0.0,0.0,Low Activity/Trial,,,No Data,[6928530045843619],6928530045843619,1
USR857OT,False,False,False,9.95,0.26,5.1,Normal,0,0,0,0.0,0,0.0,0.0,0.0,5020.0,0,0.0,0.0,0.0,Low Activity/Trial,,,No Data,[4981598812761515],4981598812761515,1
USR398Px,True,True,True,89.39,19.71,54.55,Medium,3,5,45,45.0,1798,0.950444444444444,-11.31976640711902,400.0,3325.67,0,0.0,0.25,451.0,Healthy Active User,Shopping,ATM TRALEE   B,Surging in Finance,[5444480661467789],5444480661467789,1
USR149Et,True,False,False,100.0,7.14,53.57,Normal,8,26,58,58.0,708,-33.67120689655172,-7.1894067796610175,457.85,5937.15,0,31881600.0,0.3,209.0,High-Intensity User,Shopping,ATM CASTLE ST 2,Surging in Shopping,[1383380953513078],1383380953513078,1
USR342cz,True,False,False,96.33,7.97,52.15,Normal,8,20,66,66.0,800,-4.434393939393939,-15.467,500.0,6396.63,0,432000.0,0.35,278.0,High-Intensity User,Shopping,ATM CASTLE ST 1,Surging in Finance,[3825238525925817],3825238525925817,1
USR739UP,True,False,False,93.42,14.8,54.11,Normal,2,30,56,56.0,2935,-0.6044642857142867,0.0063373083475298,3154.75,1556.0,0,172800.0,0.1,279.0,High-Intensity User,Personal Hygiene,Google Pay top-up by *8806,Surging in Finance,[4556349551117200],4556349551117200,1
USR354Rs,True,True,True,72.33,21.76,47.05,Medium,3,3,3,3.0,3,1016.6666666666666,1016.6666666666666,3000.0,4050.0,0,66096000.0,1.0,3.0,Healthy Active User,Other,Transaction 3,Surging in Other,[86517230141686],86517230141686,1
USR698Qr,False,False,False,41.82,6.07,23.94,Normal,2,11,44,44.0,98,2.0306818181818227,-0.3388775510204059,1887.03,4549.34,0,345600.0,0.34,33.0,Low Activity/Trial,Other,Palk,Surging in Shopping,[6110863183815734],6110863183815734,1
USR992ZI,False,False,False,34.69,0.46,17.57,Normal,1,1,2,2.0,2,200.0,200.0,200.0,13000.0,0,2246400.0,1.0,2.0,Single-Tasker,Other,Saastud Ülekanne,Surging in Other,[6919845120865469],6919845120865469,1
USR352pI,False,False,False,16.98,11.63,14.31,Normal,1,1,2,2.0,2,200.0,200.0,200.0,13000.03,0,2246400.0,0.5,1.0,Single-Tasker,Other,Ubertrag,Surging in Other,[2056328946936910],2056328946936910,1
USR227ai,False,False,False,38.05,6.19,22.12,Normal,2,12,46,46.0,98,-0.3215217391304364,-1.673877551020411,1887.03,1663.78,0,345600.0,0.32,31.0,Low Activity/Trial,Finance,Salary,Surging in Groceries,[1569588704562906],1569588704562906,1
USR086qQ,False,False,False,16.82,11.63,14.23,Normal,1,1,2,2.0,2,200.0,200.0,200.0,13000.0,0,2246400.0,0.5,1.0,Single-Tasker,Other,Virement,Surging in Other,[7658419913220552],7658419913220552,1
USR592MJ,False,False,False,42.22,6.26,24.24,Normal,2,12,47,47.0,98,-1.0561702127659571,-2.082244897959185,1887.03,1929.03,0,345600.0,0.34,33.0,Low Activity/Trial,Other,Salaire,Surging in Shopping,[4193736670373485],4193736670373485,1
USR163vx,False,False,False,44.84,0.55,22.69,Normal,1,1,1,1.0,1,-256.67,-256.67,-256.67,100.02,0,1209600.0,1.0,1.0,Single-Tasker,Other,Example 1,Surging in Other,[6370169824298612],6370169824298612,1
USR970wx,True,True,True,54.74,100.0,77.37,High,0,0,0,0.0,0,0.0,0.0,0.0,250000.0,0,0.0,0.0,0.0,Low Activity/Trial,,,No Data,[8398231875259772],8398231875259772,1
USR000Ux,True,False,False,53.59,5.76,29.68,Normal,1,1,2,2.0,2,2000.0,2000.0,2000.0,130837.0,0,2246400.0,1.0,2.0,Single-Tasker,Other,Overforing,Surging in Other,[3735199680059000],3735199680059000,1
USR149vb,True,False,False,74.35,4.91,39.63,Normal,2,12,46,46.0,98,-4.832608695652191,-19.01632653061227,18870.3,227083.2,0,345600.0,0.37,36.0,Low Activity/Trial,Other,Lon,Surging in Entertainment,[4343996146245764],4343996146245764,1
USR208yg,False,False,False,38.7,6.19,22.45,Normal,2,12,46,46.0,98,-0.3215217391304364,-1.6412244897959187,1887.03,1172.78,0,345600.0,0.32,31.0,Low Activity/Trial,Finance,Salary,Surging in Shopping,[9558846592264302],9558846592264302,1
USR463UE,False,False,False,16.82,11.63,14.23,Normal,1,1,2,2.0,2,200.0,200.0,200.0,13000.0,0,2246400.0,0.5,1.0,Single-Tasker,Shopping,Tilisiirto,Surging in Shopping,[8565222433079516],8565222433079516,1
USR980UY,False,True,False,33.8,31.76,32.78,Normal,1,2,6,6.0,100,533.4416666666667,608.3853,3210.0,80255.52,0,432000.0,0.02,2.0,Consistent Weekly,Finance,Salary,Surging in Food and Dining,[8659550460875009],8659550460875009,1
USR673YB,False,False,False,16.82,11.63,14.23,Normal,1,1,2,2.0,2,200.0,200.0,200.0,13000.0,0,2246400.0,0.5,1.0,Single-Tasker,Finance,Savings Transfer,Surging in Finance,[5459887537647042],5459887537647042,1
USR829qO,False,False,False,39.22,6.19,22.71,Normal,2,12,46,46.0,98,-0.5345652173913136,-1.9618367346938763,1887.03,2321.2000000000003,0,345600.0,0.32,31.0,Low Activity/Trial,Finance,Salary,Surging in Housing and Utilities,[8363286485793800],8363286485793800,1
USR989QU,False,False,False,19.53,11.67,15.6,Normal,1,1,2,2.0,2,230.0,230.0,230.0,14950.0,0,2246400.0,0.5,1.0,Single-Tasker,Other,Krajumu Parskaitijums,Surging in Other,[4838046973323902],4838046973323902,1
USR844Xx,False,False,False,41.65,6.04,23.84,Normal,2,11,44,44.0,98,2.157499999999994,-0.6911224489795946,2111.95,4761.33,0,345600.0,0.31,30.0,Low Activity/Trial,Other,Alga,Surging in Entertainment,[2823081132600016],2823081132600016,1
USR338ns,False,False,False,16.82,11.63,14.23,Normal,1,1,2,2.0,2,200.0,200.0,200.0,13000.0,0,2246400.0,0.5,1.0,Single-Tasker,Other,Virement,Surging in Other,[8364950573806945],8364950573806945,1
USR526MW,False,False,False,43.51,4.61,24.06,Normal,2,12,46,46.0,98,-0.3215217391304313,-1.6738775510204067,1887.03,356.22,0,345600.0,0.37,36.0,Low Activity/Trial,Other,Salaire,Surging in Entertainment,[7933048680356660],7933048680356660,1
USR667ih,True,False,False,55.58,4.62,30.1,Normal,2,12,46,46.0,98,-3.2152173913043645,-16.73877551020411,18870.3,16537.8,0,345600.0,0.37,36.0,Low Activity/Trial,Other,Lon-Udbetaling,Surging in Entertainment,[1375306207803502],1375306207803502,1
USR310Mk,True,False,False,52.8,5.7,29.25,Normal,1,1,2,2.0,2,2000.0,2000.0,2000.0,130000.0,0,2246400.0,1.0,2.0,Single-Tasker,Other,Overforsel,Surging in Other,[3957989470967012],3957989470967012,1
USR235aH,True,True,True,56.73,95.65,76.19,High,1,1,1,1.0,26,5000.0,4663.461538461538,5000.0,221250.0,0,345600.0,0.15,4.0,Single-Tasker,Finance,Amazon Salary,Surging in Finance,[1798168692540359],1798168692540359,1
USR218kF,False,False,False,18.84,1.98,10.41,Normal,1,2,5,5.0,53,-5.0,-0.5094339622641509,100.0,4973.0,0,29808000.0,0.09,5.0,Consistent Weekly,Transportation,Uber,Surging in Transportation,[8176258203260627],8176258203260627,1
USR900TT,False,False,False,19.53,11.67,15.6,Normal,1,1,2,2.0,2,230.0,230.0,230.0,14950.0,0,2246400.0,0.5,1.0,Single-Tasker,Other,Spaarrekening Overboeking,Surging in Other,[3245077093990702],3245077093990702,1
USR978oc,False,False,False,43.46,6.02,24.74,Normal,2,11,44,44.0,98,2.102954545454548,-0.5092857142857189,2111.95,4605.33,0,345600.0,0.29,28.0,Low Activity/Trial,Other,Salaris,Surging in Entertainment,[8923284005861578],8923284005861578,1
USR841fP,False,False,False,18.42,11.66,15.04,Normal,1,1,2,2.0,2,200.0,200.0,200.0,14350.74,0,2246400.0,0.5,1.0,Single-Tasker,Other,Giroconto,Surging in Other,[7844477604262651],7844477604262651,1
USR526Ci,False,False,False,37.65,6.21,21.93,Normal,2,12,46,46.0,98,-0.3215217391304364,-1.641224489795921,1887.03,1813.76,0,345600.0,0.33,32.0,Low Activity/Trial,Shopping,Stipendio,Surging in Entertainment,[9917427141037396],9917427141037396,1
USR257qy,False,False,False,39.18,6.23,22.7,Normal,2,12,46,46.0,98,-0.3215217391304314,-1.6738775510204091,1887.03,3024.46,0,345600.0,0.35,34.0,Low Activity/Trial,Other,Nomina,Surging in Shopping,[670339298401581],670339298401581,1
USR748ZE,False,False,False,17.48,11.63,14.56,Normal,1,1,2,2.0,2,200.0,200.0,200.0,13078.0,0,2246400.0,0.5,1.0,Single-Tasker,Finance,Transferencia,Surging in Finance,[1419519482145888],1419519482145888,1
USR755DK,False,False,False,19.53,11.67,15.6,Normal,1,1,2,2.0,2,230.0,230.0,230.0,14950.0,0,2246400.0,0.5,1.0,Single-Tasker,Other,Taupymo Pervedimas,Surging in Other,[7054344875302522],7054344875302522,1
USR495mL,False,False,False,40.72,6.05,23.38,Normal,2,11,44,44.0,98,2.1574999999999886,-0.4841836734693904,2111.95,4761.33,0,345600.0,0.32,31.0,Low Activity/Trial,Other,Atlyginimas,Surging in Groceries,[78958334436308],78958334436308,1
USR170FQ,False,False,False,43.03,1.49,22.26,Normal,1,1,2,2.0,2,1000.0,1000.0,1000.0,65000.0,0,2246400.0,1.0,2.0,Single-Tasker,Other,Przelew Na Konto Oszczednosciowe,Surging in Other,[4099662377712878],4099662377712878,1
USR614yH,True,False,False,54.17,6.08,30.13,Normal,2,11,43,43.0,98,14.507906976744176,-0.7769387755102026,9467.02,34234.89,0,345600.0,0.32,31.0,Low Activity/Trial,Other,Wynagrodzenie,Surging in Groceries,[7577161117778093],7577161117778093,1
USR885po,False,False,False,16.82,11.63,14.23,Normal,1,1,2,2.0,2,200.0,200.0,200.0,13000.0,0,2246400.0,0.5,1.0,Single-Tasker,Finance,Savings Transfer,Surging in Finance,[1222787317676291],1222787317676291,1
USR733gw,False,False,False,42.54,6.02,24.28,Normal,2,11,44,44.0,98,2.0306818181818174,-0.3388775510204086,1887.03,2105.34,0,345600.0,0.3,29.0,Low Activity/Trial,Finance,Salary,Surging in Groceries,[9650043164794435],9650043164794435,1
USR329uU,True,False,False,60.19,6.35,33.27,Normal,2,12,46,46.0,98,18.523913043478245,5.863265306122513,19870.300000000003,48472.2,0,345600.0,0.33,32.0,Low Activity/Trial,Other,Lonnsbetaling,Surging in Entertainment,[1076803272100074],1076803272100074,1
USR747HD,False,True,False,41.0,61.32,51.16,Normal,1,1,2,2.0,2,2000.0,2000.0,2000.0,130000.0,0,2246400.0,0.5,1.0,Single-Tasker,Other,Overforing,Surging in Other,[2924061196412639],2924061196412639,1
USR831lM,False,False,False,34.69,0.46,17.57,Normal,1,1,2,2.0,2,200.0,200.0,200.0,13000.0,0,2246400.0,1.0,2.0,Single-Tasker,Finance,Transferencia,Surging in Finance,[5465886220234366],5465886220234366,1
USR493ow,True,False,False,45.15,6.03,25.59,Normal,2,11,43,43.0,98,1.7483720930232574,-2.078061224489796,1887.03,3544.05,0,345600.0,0.35,34.0,Low Activity/Trial,Other,Salario,Surging in Finance,[4177499693018418],4177499693018418,1
